final_url,source_file,page_type,http_status_build,indexable,canonical_url,title,meta_description,h1,h2_headings,approx_word_count,primary_topic,primary_city,primary_service,inbound_internal_link_count,outbound_internal_link_count,inbound_from,outbound_to,structured_data_types,in_sitemap,robots_txt_allows,duplicate_or_similar_notes
https://www.eyshandyman.com/,src/pages/index.astro,home,200,True,https://www.eyshandyman.com/,Veteran-Owned Handyman | Katy & West Houston | EYS,"Looking for a handyman near you in Katy or West Houston? Veteran-owned Elevate Your Space handles repairs, TV mounting, and upgrades. Free estimates.",Veteran-Owned Handyman for Katy & West Houston,Get a clear estimate || Choose the Right Way to Get Started || Trusted Handyman Across Katy & West Houston || Home Repair & Remodeling Across Katy & West Houston || Our Services || Why Choose Elevate Your Space || Customer Reviews || Veteran Owned & Operated || Frequently Asked Questions || Proudly serving Katy and West Houston || Get Started Today,1209,handyman,Katy,handyman,77,48,/ /404/ /about/ /bathroom-remodeling-richmond/ /bathroom-remodeling-services-katy/ /blog/ /blog/hoa-patio-updates-bridgeland/ /blog/move-in-upgrades-sunterra/ /book/ /contact/ /custom-cabinets-katy/ /custom-cabinets-richmond/ /door-installation-richmond/ /door-installation-services-katy/ /drywall-repair-katy/ /drywall-repair-richmond/ /electricians-katy/ /electricians-richmond/ /floor-and-decor-katy/ /floor-and-decor-richmond/ /handyman-service-richmond/ /home2/ /house-painting-katy/ /house-painting-richmond/ /kitchen-remodeling-katy/,/ /about/ /blog/ /book/ /contact/ /our-work/ /pricing/ /privacy/ /reviews/ /service-areas/ /service-areas/cypress/ /service-areas/cypress/bridgeland-handyman/ /service-areas/cypress/towne-lake-handyman/ /service-areas/fulshear/ /service-areas/fulshear/cross-creek-ranch-handyman/ /service-areas/fulshear/jordan-ranch-handyman/ /service-areas/katy/ /service-areas/katy/cane-island-handyman/ /service-areas/katy/cinco-ranch-handyman/ /service-areas/katy/elyson-handyman/ /service-areas/katy/sunterra-handyman/ /service-areas/katy/tamarron-handyman/ /service-areas/richmond/ /service-areas/richmond/aliana-handyman/ /service-areas/richmond/harvest-green-handyman/ /service-areas/richmond/veranda-handyman/ /service-areas/west-houston/ /services/ /services/bathroom-remodeling/ /services/cabinet-installation/ /services/ceiling-fan-installation/ /services/curtain-installation/ /services/custom-carpentry/ /services/door-repair-installation/ /services/drywall-repair/ /services/electrical-services/ /services/flooring-and-decor/ /services/furniture-assembly/ /services/general-handyman-services/ /services/handyman-to-do-list/,FAQPage | HomeAndConstructionBusiness,True,Allow: / (site robots.txt),/home2/ (identical H1)
https://www.eyshandyman.com/404/,unknown,error,200,False,https://www.eyshandyman.com/404/,Page Not Found | Elevate Your Space Handyman,The page you are looking for could not be found.,Page not found,,23,handyman,multi/regional,handyman,0,48,,/ /about/ /blog/ /book/ /contact/ /our-work/ /pricing/ /privacy/ /reviews/ /service-areas/ /service-areas/cypress/ /service-areas/cypress/bridgeland-handyman/ /service-areas/cypress/towne-lake-handyman/ /service-areas/fulshear/ /service-areas/fulshear/cross-creek-ranch-handyman/ /service-areas/fulshear/jordan-ranch-handyman/ /service-areas/katy/ /service-areas/katy/cane-island-handyman/ /service-areas/katy/cinco-ranch-handyman/ /service-areas/katy/elyson-handyman/ /service-areas/katy/sunterra-handyman/ /service-areas/katy/tamarron-handyman/ /service-areas/richmond/ /service-areas/richmond/aliana-handyman/ /service-areas/richmond/harvest-green-handyman/ /service-areas/richmond/veranda-handyman/ /service-areas/west-houston/ /services/ /services/bathroom-remodeling/ /services/cabinet-installation/ /services/ceiling-fan-installation/ /services/curtain-installation/ /services/custom-carpentry/ /services/door-repair-installation/ /services/drywall-repair/ /services/electrical-services/ /services/flooring-and-decor/ /services/furniture-assembly/ /services/general-handyman-services/ /services/handyman-to-do-list/,,False,Allow: / (site robots.txt),
https://www.eyshandyman.com/about/,src/pages/about.astro,about,200,True,https://www.eyshandyman.com/about/,About Us | Elevate Your Space Handyman,"Meet Eyad Essa (Essa), founder of Elevate Your Space — a veteran-owned handyman company serving Katy and West Houston.",Veteran-Owned. Katy-Based. Built on Trust.,"How EYS started || What we do || How we work || A local company built on reputation || Where we work || Cypress, TX || Fulshear, TX || Katy, TX || Richmond, TX || West Houston, TX || Ready to elevate your Katy & West Houston home?",746,handyman,Katy,handyman,77,48,/ /404/ /about/ /bathroom-remodeling-richmond/ /bathroom-remodeling-services-katy/ /blog/ /blog/hoa-patio-updates-bridgeland/ /blog/move-in-upgrades-sunterra/ /book/ /contact/ /custom-cabinets-katy/ /custom-cabinets-richmond/ /door-installation-richmond/ /door-installation-services-katy/ /drywall-repair-katy/ /drywall-repair-richmond/ /electricians-katy/ /electricians-richmond/ /floor-and-decor-katy/ /floor-and-decor-richmond/ /handyman-service-richmond/ /home2/ /house-painting-katy/ /house-painting-richmond/ /kitchen-remodeling-katy/,/ /about/ /blog/ /book/ /contact/ /our-work/ /pricing/ /privacy/ /reviews/ /service-areas/ /service-areas/cypress/ /service-areas/cypress/bridgeland-handyman/ /service-areas/cypress/towne-lake-handyman/ /service-areas/fulshear/ /service-areas/fulshear/cross-creek-ranch-handyman/ /service-areas/fulshear/jordan-ranch-handyman/ /service-areas/katy/ /service-areas/katy/cane-island-handyman/ /service-areas/katy/cinco-ranch-handyman/ /service-areas/katy/elyson-handyman/ /service-areas/katy/sunterra-handyman/ /service-areas/katy/tamarron-handyman/ /service-areas/richmond/ /service-areas/richmond/aliana-handyman/ /service-areas/richmond/harvest-green-handyman/ /service-areas/richmond/veranda-handyman/ /service-areas/west-houston/ /services/ /services/bathroom-remodeling/ /services/cabinet-installation/ /services/ceiling-fan-installation/ /services/curtain-installation/ /services/custom-carpentry/ /services/door-repair-installation/ /services/drywall-repair/ /services/electrical-services/ /services/flooring-and-decor/ /services/furniture-assembly/ /services/general-handyman-services/ /services/handyman-to-do-list/,BreadcrumbList | HomeAndConstructionBusiness | WebPage,True,Allow: / (site robots.txt),
https://www.eyshandyman.com/bathroom-remodeling-richmond/,src/content/city-services/bathroom-remodeling-richmond.md + src/pages/[legacySlug].astro,legacy-city-service,200,True,https://www.eyshandyman.com/bathroom-remodeling-richmond/,"Bathroom Remodeling in Richmond, TX | Elevate Your Space Handyman","Bathroom upgrades in Richmond, TX — fixtures, hardware, vanity installs, and punch-list remodeling for Fort Bend homes.","Bathroom Remodeling in Richmond, TX","Local service details || Bathroom remodeling in Richmond and Fort Bend || What we handle in Richmond, TX || How it works || Frequently asked questions || Explore related pages || Ready to elevate your Richmond, TX home?",327,handyman,Richmond,handyman,2,48,/services/bathroom-remodeling/ /sitemap/,/ /about/ /blog/ /book/ /contact/ /our-work/ /pricing/ /privacy/ /reviews/ /service-areas/ /service-areas/cypress/ /service-areas/cypress/bridgeland-handyman/ /service-areas/cypress/towne-lake-handyman/ /service-areas/fulshear/ /service-areas/fulshear/cross-creek-ranch-handyman/ /service-areas/fulshear/jordan-ranch-handyman/ /service-areas/katy/ /service-areas/katy/cane-island-handyman/ /service-areas/katy/cinco-ranch-handyman/ /service-areas/katy/elyson-handyman/ /service-areas/katy/sunterra-handyman/ /service-areas/katy/tamarron-handyman/ /service-areas/richmond/ /service-areas/richmond/aliana-handyman/ /service-areas/richmond/harvest-green-handyman/ /service-areas/richmond/veranda-handyman/ /service-areas/west-houston/ /services/ /services/bathroom-remodeling/ /services/cabinet-installation/ /services/ceiling-fan-installation/ /services/curtain-installation/ /services/custom-carpentry/ /services/door-repair-installation/ /services/drywall-repair/ /services/electrical-services/ /services/flooring-and-decor/ /services/furniture-assembly/ /services/general-handyman-services/ /services/handyman-to-do-list/,BreadcrumbList | FAQPage | Service | WebPage,True,Allow: / (site robots.txt),
https://www.eyshandyman.com/bathroom-remodeling-services-katy/,src/content/city-services/bathroom-remodeling-services-katy.md + src/pages/[legacySlug].astro,legacy-city-service,200,True,https://www.eyshandyman.com/bathroom-remodeling-services-katy/,"Bathroom Remodeling in Katy, TX | Elevate Your Space Handyman","Bathroom upgrades in Katy, TX — vanities, fixtures, hardware, and punch-list remodeling for suburban homes.","Bathroom Remodeling in Katy, TX","Local service details || Bathroom upgrades for Katy’s established homes || What we handle in Katy, TX || How it works || Frequently asked questions || Explore related pages || Ready to elevate your Katy, TX home?",356,handyman,Katy,handyman,2,48,/services/bathroom-remodeling/ /sitemap/,/ /about/ /blog/ /book/ /contact/ /our-work/ /pricing/ /privacy/ /reviews/ /service-areas/ /service-areas/cypress/ /service-areas/cypress/bridgeland-handyman/ /service-areas/cypress/towne-lake-handyman/ /service-areas/fulshear/ /service-areas/fulshear/cross-creek-ranch-handyman/ /service-areas/fulshear/jordan-ranch-handyman/ /service-areas/katy/ /service-areas/katy/cane-island-handyman/ /service-areas/katy/cinco-ranch-handyman/ /service-areas/katy/elyson-handyman/ /service-areas/katy/sunterra-handyman/ /service-areas/katy/tamarron-handyman/ /service-areas/richmond/ /service-areas/richmond/aliana-handyman/ /service-areas/richmond/harvest-green-handyman/ /service-areas/richmond/veranda-handyman/ /service-areas/west-houston/ /services/ /services/bathroom-remodeling/ /services/cabinet-installation/ /services/ceiling-fan-installation/ /services/curtain-installation/ /services/custom-carpentry/ /services/door-repair-installation/ /services/drywall-repair/ /services/electrical-services/ /services/flooring-and-decor/ /services/furniture-assembly/ /services/general-handyman-services/ /services/handyman-to-do-list/,BreadcrumbList | FAQPage | Service | WebPage,True,Allow: / (site robots.txt),
https://www.eyshandyman.com/blog/,src/pages/blog/index.astro,blog-index,200,True,https://www.eyshandyman.com/blog/,Blog | Elevate Your Space Handyman,"Homeowner tips, project guides, and local handyman advice from Elevate Your Space Handyman in Katy and West Houston.",Blog,Move-In Upgrades for New Sunterra Homes || HOA-Friendly Patio Updates in Bridgeland,71,handyman,Katy,handyman,77,50,/ /404/ /about/ /bathroom-remodeling-richmond/ /bathroom-remodeling-services-katy/ /blog/ /blog/hoa-patio-updates-bridgeland/ /blog/move-in-upgrades-sunterra/ /book/ /contact/ /custom-cabinets-katy/ /custom-cabinets-richmond/ /door-installation-richmond/ /door-installation-services-katy/ /drywall-repair-katy/ /drywall-repair-richmond/ /electricians-katy/ /electricians-richmond/ /floor-and-decor-katy/ /floor-and-decor-richmond/ /handyman-service-richmond/ /home2/ /house-painting-katy/ /house-painting-richmond/ /kitchen-remodeling-katy/,/ /about/ /blog/ /blog/hoa-patio-updates-bridgeland/ /blog/move-in-upgrades-sunterra/ /book/ /contact/ /our-work/ /pricing/ /privacy/ /reviews/ /service-areas/ /service-areas/cypress/ /service-areas/cypress/bridgeland-handyman/ /service-areas/cypress/towne-lake-handyman/ /service-areas/fulshear/ /service-areas/fulshear/cross-creek-ranch-handyman/ /service-areas/fulshear/jordan-ranch-handyman/ /service-areas/katy/ /service-areas/katy/cane-island-handyman/ /service-areas/katy/cinco-ranch-handyman/ /service-areas/katy/elyson-handyman/ /service-areas/katy/sunterra-handyman/ /service-areas/katy/tamarron-handyman/ /service-areas/richmond/ /service-areas/richmond/aliana-handyman/ /service-areas/richmond/harvest-green-handyman/ /service-areas/richmond/veranda-handyman/ /service-areas/west-houston/ /services/ /services/bathroom-remodeling/ /services/cabinet-installation/ /services/ceiling-fan-installation/ /services/curtain-installation/ /services/custom-carpentry/ /services/door-repair-installation/ /services/drywall-repair/ /services/electrical-services/ /services/flooring-and-decor/ /services/furniture-assembly/,BreadcrumbList | WebPage,True,Allow: / (site robots.txt),
https://www.eyshandyman.com/blog/hoa-patio-updates-bridgeland/,src/content/blog/hoa-patio-updates-bridgeland.md + src/pages/blog/[slug].astro,blog-post,200,True,https://www.eyshandyman.com/blog/hoa-patio-updates-bridgeland/,HOA-Friendly Patio Updates in Bridgeland | EYS Handyman,Planning exterior patio improvements in Bridgeland? Tips for HOA-compliant upgrades and professional handyman support in Cypress.,HOA-Friendly Patio Updates in Bridgeland,Common patio projects we help with || Working with ARC guidelines || Why Bridgeland patios are different || Next steps,252,handyman,Bridgeland,handyman,2,48,/blog/ /sitemap/,/ /about/ /blog/ /book/ /contact/ /our-work/ /pricing/ /privacy/ /reviews/ /service-areas/ /service-areas/cypress/ /service-areas/cypress/bridgeland-handyman/ /service-areas/cypress/towne-lake-handyman/ /service-areas/fulshear/ /service-areas/fulshear/cross-creek-ranch-handyman/ /service-areas/fulshear/jordan-ranch-handyman/ /service-areas/katy/ /service-areas/katy/cane-island-handyman/ /service-areas/katy/cinco-ranch-handyman/ /service-areas/katy/elyson-handyman/ /service-areas/katy/sunterra-handyman/ /service-areas/katy/tamarron-handyman/ /service-areas/richmond/ /service-areas/richmond/aliana-handyman/ /service-areas/richmond/harvest-green-handyman/ /service-areas/richmond/veranda-handyman/ /service-areas/west-houston/ /services/ /services/bathroom-remodeling/ /services/cabinet-installation/ /services/ceiling-fan-installation/ /services/curtain-installation/ /services/custom-carpentry/ /services/door-repair-installation/ /services/drywall-repair/ /services/electrical-services/ /services/flooring-and-decor/ /services/furniture-assembly/ /services/general-handyman-services/ /services/handyman-to-do-list/,BlogPosting | BreadcrumbList | WebPage,True,Allow: / (site robots.txt),
https://www.eyshandyman.com/blog/move-in-upgrades-sunterra/,src/content/blog/move-in-upgrades-sunterra.md + src/pages/blog/[slug].astro,blog-post,200,True,https://www.eyshandyman.com/blog/move-in-upgrades-sunterra/,Move-In Upgrades for New Sunterra Homes | EYS Handyman,Planning a move to Sunterra in Katy? Here are the most-requested post-closing handyman upgrades for new construction homes.,Move-In Upgrades for New Sunterra Homes,Top move-in upgrades we handle in Sunterra || Why new Sunterra homes need a handyman early || Book before closing,241,handyman,Sunterra,handyman,2,48,/blog/ /sitemap/,/ /about/ /blog/ /book/ /contact/ /our-work/ /pricing/ /privacy/ /reviews/ /service-areas/ /service-areas/cypress/ /service-areas/cypress/bridgeland-handyman/ /service-areas/cypress/towne-lake-handyman/ /service-areas/fulshear/ /service-areas/fulshear/cross-creek-ranch-handyman/ /service-areas/fulshear/jordan-ranch-handyman/ /service-areas/katy/ /service-areas/katy/cane-island-handyman/ /service-areas/katy/cinco-ranch-handyman/ /service-areas/katy/elyson-handyman/ /service-areas/katy/sunterra-handyman/ /service-areas/katy/tamarron-handyman/ /service-areas/richmond/ /service-areas/richmond/aliana-handyman/ /service-areas/richmond/harvest-green-handyman/ /service-areas/richmond/veranda-handyman/ /service-areas/west-houston/ /services/ /services/bathroom-remodeling/ /services/cabinet-installation/ /services/ceiling-fan-installation/ /services/curtain-installation/ /services/custom-carpentry/ /services/door-repair-installation/ /services/drywall-repair/ /services/electrical-services/ /services/flooring-and-decor/ /services/furniture-assembly/ /services/general-handyman-services/ /services/handyman-to-do-list/,BlogPosting | BreadcrumbList | WebPage,True,Allow: / (site robots.txt),
https://www.eyshandyman.com/book/,src/pages/book.astro,book,200,True,https://www.eyshandyman.com/book/,Book Service | Elevate Your Space Handyman,"Book a Handyman To-Do List Visit, request a project estimate, or start a TV mounting request with Elevate Your Space Handyman in Katy and West Houston.",Book or Request Service,Handyman To-Do List Visit || Project Estimate Request || Tell Us About Your TV Mounting Project || Ready to elevate your Katy & West Houston home?,127,handyman,Katy,handyman,77,48,/ /404/ /about/ /bathroom-remodeling-richmond/ /bathroom-remodeling-services-katy/ /blog/ /blog/hoa-patio-updates-bridgeland/ /blog/move-in-upgrades-sunterra/ /book/ /contact/ /custom-cabinets-katy/ /custom-cabinets-richmond/ /door-installation-richmond/ /door-installation-services-katy/ /drywall-repair-katy/ /drywall-repair-richmond/ /electricians-katy/ /electricians-richmond/ /floor-and-decor-katy/ /floor-and-decor-richmond/ /handyman-service-richmond/ /home2/ /house-painting-katy/ /house-painting-richmond/ /kitchen-remodeling-katy/,/ /about/ /blog/ /book/ /contact/ /our-work/ /pricing/ /privacy/ /reviews/ /service-areas/ /service-areas/cypress/ /service-areas/cypress/bridgeland-handyman/ /service-areas/cypress/towne-lake-handyman/ /service-areas/fulshear/ /service-areas/fulshear/cross-creek-ranch-handyman/ /service-areas/fulshear/jordan-ranch-handyman/ /service-areas/katy/ /service-areas/katy/cane-island-handyman/ /service-areas/katy/cinco-ranch-handyman/ /service-areas/katy/elyson-handyman/ /service-areas/katy/sunterra-handyman/ /service-areas/katy/tamarron-handyman/ /service-areas/richmond/ /service-areas/richmond/aliana-handyman/ /service-areas/richmond/harvest-green-handyman/ /service-areas/richmond/veranda-handyman/ /service-areas/west-houston/ /services/ /services/bathroom-remodeling/ /services/cabinet-installation/ /services/ceiling-fan-installation/ /services/curtain-installation/ /services/custom-carpentry/ /services/door-repair-installation/ /services/drywall-repair/ /services/electrical-services/ /services/flooring-and-decor/ /services/furniture-assembly/ /services/general-handyman-services/ /services/handyman-to-do-list/,BreadcrumbList | WebPage,True,Allow: / (site robots.txt),
https://www.eyshandyman.com/contact/,src/pages/contact.astro,contact,200,True,https://www.eyshandyman.com/contact/,Contact Us | Elevate Your Space Handyman,"Contact Elevate Your Space Handyman for handyman services in Katy and West Houston. Call, email, or request next steps for your project.",Contact Elevate Your Space Handyman,Reach us directly || Request service,87,handyman,Katy,handyman,77,48,/ /404/ /about/ /bathroom-remodeling-richmond/ /bathroom-remodeling-services-katy/ /blog/ /blog/hoa-patio-updates-bridgeland/ /blog/move-in-upgrades-sunterra/ /book/ /contact/ /custom-cabinets-katy/ /custom-cabinets-richmond/ /door-installation-richmond/ /door-installation-services-katy/ /drywall-repair-katy/ /drywall-repair-richmond/ /electricians-katy/ /electricians-richmond/ /floor-and-decor-katy/ /floor-and-decor-richmond/ /handyman-service-richmond/ /home2/ /house-painting-katy/ /house-painting-richmond/ /kitchen-remodeling-katy/,/ /about/ /blog/ /book/ /contact/ /our-work/ /pricing/ /privacy/ /reviews/ /service-areas/ /service-areas/cypress/ /service-areas/cypress/bridgeland-handyman/ /service-areas/cypress/towne-lake-handyman/ /service-areas/fulshear/ /service-areas/fulshear/cross-creek-ranch-handyman/ /service-areas/fulshear/jordan-ranch-handyman/ /service-areas/katy/ /service-areas/katy/cane-island-handyman/ /service-areas/katy/cinco-ranch-handyman/ /service-areas/katy/elyson-handyman/ /service-areas/katy/sunterra-handyman/ /service-areas/katy/tamarron-handyman/ /service-areas/richmond/ /service-areas/richmond/aliana-handyman/ /service-areas/richmond/harvest-green-handyman/ /service-areas/richmond/veranda-handyman/ /service-areas/west-houston/ /services/ /services/bathroom-remodeling/ /services/cabinet-installation/ /services/ceiling-fan-installation/ /services/curtain-installation/ /services/custom-carpentry/ /services/door-repair-installation/ /services/drywall-repair/ /services/electrical-services/ /services/flooring-and-decor/ /services/furniture-assembly/ /services/general-handyman-services/ /services/handyman-to-do-list/,BreadcrumbList | HomeAndConstructionBusiness | WebPage,True,Allow: / (site robots.txt),
https://www.eyshandyman.com/custom-cabinets-katy/,src/content/city-services/custom-cabinets-katy.md + src/pages/[legacySlug].astro,legacy-city-service,200,True,https://www.eyshandyman.com/custom-cabinets-katy/,"Custom Cabinets in Katy, TX | Elevate Your Space Handyman","Custom cabinet and built-in carpentry in Katy, TX — pantries, laundry storage, and tailored built-ins.","Custom Cabinets in Katy, TX","Local service details || Cabinets and custom carpentry for Katy kitchens || What we handle in Katy, TX || How it works || Frequently asked questions || Explore related pages || Ready to elevate your Katy, TX home?",344,handyman,Katy,handyman,1,48,/sitemap/,/ /about/ /blog/ /book/ /contact/ /our-work/ /pricing/ /privacy/ /reviews/ /service-areas/ /service-areas/cypress/ /service-areas/cypress/bridgeland-handyman/ /service-areas/cypress/towne-lake-handyman/ /service-areas/fulshear/ /service-areas/fulshear/cross-creek-ranch-handyman/ /service-areas/fulshear/jordan-ranch-handyman/ /service-areas/katy/ /service-areas/katy/cane-island-handyman/ /service-areas/katy/cinco-ranch-handyman/ /service-areas/katy/elyson-handyman/ /service-areas/katy/sunterra-handyman/ /service-areas/katy/tamarron-handyman/ /service-areas/richmond/ /service-areas/richmond/aliana-handyman/ /service-areas/richmond/harvest-green-handyman/ /service-areas/richmond/veranda-handyman/ /service-areas/west-houston/ /services/ /services/bathroom-remodeling/ /services/cabinet-installation/ /services/ceiling-fan-installation/ /services/curtain-installation/ /services/custom-carpentry/ /services/door-repair-installation/ /services/drywall-repair/ /services/electrical-services/ /services/flooring-and-decor/ /services/furniture-assembly/ /services/general-handyman-services/ /services/handyman-to-do-list/,BreadcrumbList | FAQPage | Service | WebPage,True,Allow: / (site robots.txt),
https://www.eyshandyman.com/custom-cabinets-richmond/,src/content/city-services/custom-cabinets-richmond.md + src/pages/[legacySlug].astro,legacy-city-service,200,True,https://www.eyshandyman.com/custom-cabinets-richmond/,"Custom Cabinets in Richmond, TX | Elevate Your Space Handyman","Custom cabinet and built-in carpentry in Richmond, TX — pantries, laundry built-ins, and storage for Fort Bend homes.","Custom Cabinets in Richmond, TX","Local service details || Cabinets and carpentry in Richmond || What we handle in Richmond, TX || How it works || Frequently asked questions || Explore related pages || Ready to elevate your Richmond, TX home?",319,handyman,Richmond,handyman,1,48,/sitemap/,/ /about/ /blog/ /book/ /contact/ /our-work/ /pricing/ /privacy/ /reviews/ /service-areas/ /service-areas/cypress/ /service-areas/cypress/bridgeland-handyman/ /service-areas/cypress/towne-lake-handyman/ /service-areas/fulshear/ /service-areas/fulshear/cross-creek-ranch-handyman/ /service-areas/fulshear/jordan-ranch-handyman/ /service-areas/katy/ /service-areas/katy/cane-island-handyman/ /service-areas/katy/cinco-ranch-handyman/ /service-areas/katy/elyson-handyman/ /service-areas/katy/sunterra-handyman/ /service-areas/katy/tamarron-handyman/ /service-areas/richmond/ /service-areas/richmond/aliana-handyman/ /service-areas/richmond/harvest-green-handyman/ /service-areas/richmond/veranda-handyman/ /service-areas/west-houston/ /services/ /services/bathroom-remodeling/ /services/cabinet-installation/ /services/ceiling-fan-installation/ /services/curtain-installation/ /services/custom-carpentry/ /services/door-repair-installation/ /services/drywall-repair/ /services/electrical-services/ /services/flooring-and-decor/ /services/furniture-assembly/ /services/general-handyman-services/ /services/handyman-to-do-list/,BreadcrumbList | FAQPage | Service | WebPage,True,Allow: / (site robots.txt),
https://www.eyshandyman.com/door-installation-richmond/,src/content/city-services/door-installation-richmond.md + src/pages/[legacySlug].astro,legacy-city-service,200,True,https://www.eyshandyman.com/door-installation-richmond/,"Door Installation in Richmond, TX | Elevate Your Space Handyman","Door repair and installation in Richmond, TX — interior, exterior, and hardware alignment for Pecan Grove and Fort Bend homes.","Door Installation in Richmond, TX","Local service details || Door installation and repair in Richmond || What we handle in Richmond, TX || How it works || Frequently asked questions || Explore related pages || Ready to elevate your Richmond, TX home?",302,handyman,Richmond,handyman,1,48,/sitemap/,/ /about/ /blog/ /book/ /contact/ /our-work/ /pricing/ /privacy/ /reviews/ /service-areas/ /service-areas/cypress/ /service-areas/cypress/bridgeland-handyman/ /service-areas/cypress/towne-lake-handyman/ /service-areas/fulshear/ /service-areas/fulshear/cross-creek-ranch-handyman/ /service-areas/fulshear/jordan-ranch-handyman/ /service-areas/katy/ /service-areas/katy/cane-island-handyman/ /service-areas/katy/cinco-ranch-handyman/ /service-areas/katy/elyson-handyman/ /service-areas/katy/sunterra-handyman/ /service-areas/katy/tamarron-handyman/ /service-areas/richmond/ /service-areas/richmond/aliana-handyman/ /service-areas/richmond/harvest-green-handyman/ /service-areas/richmond/veranda-handyman/ /service-areas/west-houston/ /services/ /services/bathroom-remodeling/ /services/cabinet-installation/ /services/ceiling-fan-installation/ /services/curtain-installation/ /services/custom-carpentry/ /services/door-repair-installation/ /services/drywall-repair/ /services/electrical-services/ /services/flooring-and-decor/ /services/furniture-assembly/ /services/general-handyman-services/ /services/handyman-to-do-list/,BreadcrumbList | FAQPage | Service | WebPage,True,Allow: / (site robots.txt),
https://www.eyshandyman.com/door-installation-services-katy/,src/content/city-services/door-installation-services-katy.md + src/pages/[legacySlug].astro,legacy-city-service,200,True,https://www.eyshandyman.com/door-installation-services-katy/,"Door Installation in Katy, TX | Elevate Your Space Handyman","Door repair and installation in Katy, TX — interior, exterior, and hardware for established suburban homes.","Door Installation in Katy, TX","Local service details || Door repair and installation in Katy || What we handle in Katy, TX || How it works || Frequently asked questions || Explore related pages || Ready to elevate your Katy, TX home?",334,handyman,Katy,handyman,1,48,/sitemap/,/ /about/ /blog/ /book/ /contact/ /our-work/ /pricing/ /privacy/ /reviews/ /service-areas/ /service-areas/cypress/ /service-areas/cypress/bridgeland-handyman/ /service-areas/cypress/towne-lake-handyman/ /service-areas/fulshear/ /service-areas/fulshear/cross-creek-ranch-handyman/ /service-areas/fulshear/jordan-ranch-handyman/ /service-areas/katy/ /service-areas/katy/cane-island-handyman/ /service-areas/katy/cinco-ranch-handyman/ /service-areas/katy/elyson-handyman/ /service-areas/katy/sunterra-handyman/ /service-areas/katy/tamarron-handyman/ /service-areas/richmond/ /service-areas/richmond/aliana-handyman/ /service-areas/richmond/harvest-green-handyman/ /service-areas/richmond/veranda-handyman/ /service-areas/west-houston/ /services/ /services/bathroom-remodeling/ /services/cabinet-installation/ /services/ceiling-fan-installation/ /services/curtain-installation/ /services/custom-carpentry/ /services/door-repair-installation/ /services/drywall-repair/ /services/electrical-services/ /services/flooring-and-decor/ /services/furniture-assembly/ /services/general-handyman-services/ /services/handyman-to-do-list/,BreadcrumbList | FAQPage | Service | WebPage,True,Allow: / (site robots.txt),
https://www.eyshandyman.com/drywall-repair-katy/,src/content/city-services/drywall-repair-katy.md + src/pages/[legacySlug].astro,legacy-city-service,200,True,https://www.eyshandyman.com/drywall-repair-katy/,"Drywall Repair in Katy, TX | Elevate Your Space Handyman","Drywall repair and texture matching in Katy, TX — holes, cracks, and patch-and-paint for suburban homes.","Drywall Repair in Katy, TX","Local service details || Drywall repair in Katy’s 1990s–2000s homes || What we handle in Katy, TX || How it works || Frequently asked questions || Explore related pages || Ready to elevate your Katy, TX home?",348,handyman,Katy,handyman,1,48,/sitemap/,/ /about/ /blog/ /book/ /contact/ /our-work/ /pricing/ /privacy/ /reviews/ /service-areas/ /service-areas/cypress/ /service-areas/cypress/bridgeland-handyman/ /service-areas/cypress/towne-lake-handyman/ /service-areas/fulshear/ /service-areas/fulshear/cross-creek-ranch-handyman/ /service-areas/fulshear/jordan-ranch-handyman/ /service-areas/katy/ /service-areas/katy/cane-island-handyman/ /service-areas/katy/cinco-ranch-handyman/ /service-areas/katy/elyson-handyman/ /service-areas/katy/sunterra-handyman/ /service-areas/katy/tamarron-handyman/ /service-areas/richmond/ /service-areas/richmond/aliana-handyman/ /service-areas/richmond/harvest-green-handyman/ /service-areas/richmond/veranda-handyman/ /service-areas/west-houston/ /services/ /services/bathroom-remodeling/ /services/cabinet-installation/ /services/ceiling-fan-installation/ /services/curtain-installation/ /services/custom-carpentry/ /services/door-repair-installation/ /services/drywall-repair/ /services/electrical-services/ /services/flooring-and-decor/ /services/furniture-assembly/ /services/general-handyman-services/ /services/handyman-to-do-list/,BreadcrumbList | FAQPage | Service | WebPage,True,Allow: / (site robots.txt),
https://www.eyshandyman.com/drywall-repair-richmond/,src/content/city-services/drywall-repair-richmond.md + src/pages/[legacySlug].astro,legacy-city-service,200,True,https://www.eyshandyman.com/drywall-repair-richmond/,"Drywall Repair in Richmond, TX | Elevate Your Space Handyman","Drywall repair and texture matching in Richmond, TX — holes, cracks, water stains, and patch-and-paint for Fort Bend homes.","Drywall Repair in Richmond, TX","Local service details || Drywall repair for Richmond homes || What we handle in Richmond, TX || How it works || Frequently asked questions || Explore related pages || Ready to elevate your Richmond, TX home?",311,handyman,Richmond,handyman,1,48,/sitemap/,/ /about/ /blog/ /book/ /contact/ /our-work/ /pricing/ /privacy/ /reviews/ /service-areas/ /service-areas/cypress/ /service-areas/cypress/bridgeland-handyman/ /service-areas/cypress/towne-lake-handyman/ /service-areas/fulshear/ /service-areas/fulshear/cross-creek-ranch-handyman/ /service-areas/fulshear/jordan-ranch-handyman/ /service-areas/katy/ /service-areas/katy/cane-island-handyman/ /service-areas/katy/cinco-ranch-handyman/ /service-areas/katy/elyson-handyman/ /service-areas/katy/sunterra-handyman/ /service-areas/katy/tamarron-handyman/ /service-areas/richmond/ /service-areas/richmond/aliana-handyman/ /service-areas/richmond/harvest-green-handyman/ /service-areas/richmond/veranda-handyman/ /service-areas/west-houston/ /services/ /services/bathroom-remodeling/ /services/cabinet-installation/ /services/ceiling-fan-installation/ /services/curtain-installation/ /services/custom-carpentry/ /services/door-repair-installation/ /services/drywall-repair/ /services/electrical-services/ /services/flooring-and-decor/ /services/furniture-assembly/ /services/general-handyman-services/ /services/handyman-to-do-list/,BreadcrumbList | FAQPage | Service | WebPage,True,Allow: / (site robots.txt),
https://www.eyshandyman.com/electricians-katy/,src/content/city-services/electricians-katy.md + src/pages/[legacySlug].astro,legacy-city-service,200,True,https://www.eyshandyman.com/electricians-katy/,"Electricians in Katy, TX | Elevate Your Space Handyman","Light electrical work in Katy, TX — ceiling fans, fixtures, outlets, and switches for established suburban homes and master-planned communities.","Electricians in Katy, TX","Local service details || Electrical upgrades Katy homeowners request most || What we handle in Katy, TX || How it works || Frequently asked questions || Explore related pages || Ready to elevate your Katy, TX home?",382,electrical,Katy,electrical,2,48,/services/electrical-services/ /sitemap/,/ /about/ /blog/ /book/ /contact/ /our-work/ /pricing/ /privacy/ /reviews/ /service-areas/ /service-areas/cypress/ /service-areas/cypress/bridgeland-handyman/ /service-areas/cypress/towne-lake-handyman/ /service-areas/fulshear/ /service-areas/fulshear/cross-creek-ranch-handyman/ /service-areas/fulshear/jordan-ranch-handyman/ /service-areas/katy/ /service-areas/katy/cane-island-handyman/ /service-areas/katy/cinco-ranch-handyman/ /service-areas/katy/elyson-handyman/ /service-areas/katy/sunterra-handyman/ /service-areas/katy/tamarron-handyman/ /service-areas/richmond/ /service-areas/richmond/aliana-handyman/ /service-areas/richmond/harvest-green-handyman/ /service-areas/richmond/veranda-handyman/ /service-areas/west-houston/ /services/ /services/bathroom-remodeling/ /services/cabinet-installation/ /services/ceiling-fan-installation/ /services/curtain-installation/ /services/custom-carpentry/ /services/door-repair-installation/ /services/drywall-repair/ /services/electrical-services/ /services/flooring-and-decor/ /services/furniture-assembly/ /services/general-handyman-services/ /services/handyman-to-do-list/,BreadcrumbList | FAQPage | Service | WebPage,True,Allow: / (site robots.txt),
https://www.eyshandyman.com/electricians-richmond/,src/content/city-services/electricians-richmond.md + src/pages/[legacySlug].astro,legacy-city-service,200,True,https://www.eyshandyman.com/electricians-richmond/,"Electricians in Richmond, TX | Elevate Your Space Handyman","Light electrical work in Richmond, TX — fixtures, fans, outlets, and switches for Pecan Grove, Aliana, Harvest Green, and Fort Bend homes.","Electricians in Richmond, TX","Local service details || Fixture and fan electrical work in Richmond || What we handle in Richmond, TX || How it works || Frequently asked questions || Explore related pages || Ready to elevate your Richmond, TX home?",392,electrical,Richmond,electrical,2,48,/services/electrical-services/ /sitemap/,/ /about/ /blog/ /book/ /contact/ /our-work/ /pricing/ /privacy/ /reviews/ /service-areas/ /service-areas/cypress/ /service-areas/cypress/bridgeland-handyman/ /service-areas/cypress/towne-lake-handyman/ /service-areas/fulshear/ /service-areas/fulshear/cross-creek-ranch-handyman/ /service-areas/fulshear/jordan-ranch-handyman/ /service-areas/katy/ /service-areas/katy/cane-island-handyman/ /service-areas/katy/cinco-ranch-handyman/ /service-areas/katy/elyson-handyman/ /service-areas/katy/sunterra-handyman/ /service-areas/katy/tamarron-handyman/ /service-areas/richmond/ /service-areas/richmond/aliana-handyman/ /service-areas/richmond/harvest-green-handyman/ /service-areas/richmond/veranda-handyman/ /service-areas/west-houston/ /services/ /services/bathroom-remodeling/ /services/cabinet-installation/ /services/ceiling-fan-installation/ /services/curtain-installation/ /services/custom-carpentry/ /services/door-repair-installation/ /services/drywall-repair/ /services/electrical-services/ /services/flooring-and-decor/ /services/furniture-assembly/ /services/general-handyman-services/ /services/handyman-to-do-list/,BreadcrumbList | FAQPage | Service | WebPage,True,Allow: / (site robots.txt),
https://www.eyshandyman.com/floor-and-decor-katy/,src/content/city-services/floor-and-decor-katy.md + src/pages/[legacySlug].astro,legacy-city-service,200,True,https://www.eyshandyman.com/floor-and-decor-katy/,"Flooring & Decor in Katy, TX | Elevate Your Space Handyman","Flooring transitions, trim, and decor installation in Katy, TX for suburban homeowners.","Flooring & Decor in Katy, TX","Local service details || Flooring and décor help for Katy homeowners || What we handle in Katy, TX || How it works || Frequently asked questions || Explore related pages || Ready to elevate your Katy, TX home?",344,handyman,Katy,handyman,2,48,/services/flooring-and-decor/ /sitemap/,/ /about/ /blog/ /book/ /contact/ /our-work/ /pricing/ /privacy/ /reviews/ /service-areas/ /service-areas/cypress/ /service-areas/cypress/bridgeland-handyman/ /service-areas/cypress/towne-lake-handyman/ /service-areas/fulshear/ /service-areas/fulshear/cross-creek-ranch-handyman/ /service-areas/fulshear/jordan-ranch-handyman/ /service-areas/katy/ /service-areas/katy/cane-island-handyman/ /service-areas/katy/cinco-ranch-handyman/ /service-areas/katy/elyson-handyman/ /service-areas/katy/sunterra-handyman/ /service-areas/katy/tamarron-handyman/ /service-areas/richmond/ /service-areas/richmond/aliana-handyman/ /service-areas/richmond/harvest-green-handyman/ /service-areas/richmond/veranda-handyman/ /service-areas/west-houston/ /services/ /services/bathroom-remodeling/ /services/cabinet-installation/ /services/ceiling-fan-installation/ /services/curtain-installation/ /services/custom-carpentry/ /services/door-repair-installation/ /services/drywall-repair/ /services/electrical-services/ /services/flooring-and-decor/ /services/furniture-assembly/ /services/general-handyman-services/ /services/handyman-to-do-list/,BreadcrumbList | FAQPage | Service | WebPage,True,Allow: / (site robots.txt),
https://www.eyshandyman.com/floor-and-decor-richmond/,src/content/city-services/floor-and-decor-richmond.md + src/pages/[legacySlug].astro,legacy-city-service,200,True,https://www.eyshandyman.com/floor-and-decor-richmond/,"Flooring & Decor in Richmond, TX | Elevate Your Space Handyman","Flooring transitions, trim, and decor installation in Richmond, TX for Fort Bend homeowners.","Flooring & Decor in Richmond, TX","Local service details || Flooring and décor installs in Richmond || What we handle in Richmond, TX || How it works || Frequently asked questions || Explore related pages || Ready to elevate your Richmond, TX home?",316,handyman,Richmond,handyman,2,48,/services/flooring-and-decor/ /sitemap/,/ /about/ /blog/ /book/ /contact/ /our-work/ /pricing/ /privacy/ /reviews/ /service-areas/ /service-areas/cypress/ /service-areas/cypress/bridgeland-handyman/ /service-areas/cypress/towne-lake-handyman/ /service-areas/fulshear/ /service-areas/fulshear/cross-creek-ranch-handyman/ /service-areas/fulshear/jordan-ranch-handyman/ /service-areas/katy/ /service-areas/katy/cane-island-handyman/ /service-areas/katy/cinco-ranch-handyman/ /service-areas/katy/elyson-handyman/ /service-areas/katy/sunterra-handyman/ /service-areas/katy/tamarron-handyman/ /service-areas/richmond/ /service-areas/richmond/aliana-handyman/ /service-areas/richmond/harvest-green-handyman/ /service-areas/richmond/veranda-handyman/ /service-areas/west-houston/ /services/ /services/bathroom-remodeling/ /services/cabinet-installation/ /services/ceiling-fan-installation/ /services/curtain-installation/ /services/custom-carpentry/ /services/door-repair-installation/ /services/drywall-repair/ /services/electrical-services/ /services/flooring-and-decor/ /services/furniture-assembly/ /services/general-handyman-services/ /services/handyman-to-do-list/,BreadcrumbList | FAQPage | Service | WebPage,True,Allow: / (site robots.txt),
https://www.eyshandyman.com/handyman-service-richmond/,src/content/city-services/handyman-service-richmond.md + src/pages/[legacySlug].astro,legacy-city-service,200,True,https://www.eyshandyman.com/handyman-service-richmond/,"Handyman Service in Richmond, TX | Elevate Your Space Handyman","Reliable handyman service in Richmond, TX — punch-list repairs, installations, and home upgrades for Fort Bend homeowners.","Handyman Service in Richmond, TX","Local service details || Handyman service for Richmond and Fort Bend || What we handle in Richmond, TX || How it works || Frequently asked questions || Explore related pages || Ready to elevate your Richmond, TX home?",331,handyman,Richmond,handyman,1,48,/sitemap/,/ /about/ /blog/ /book/ /contact/ /our-work/ /pricing/ /privacy/ /reviews/ /service-areas/ /service-areas/cypress/ /service-areas/cypress/bridgeland-handyman/ /service-areas/cypress/towne-lake-handyman/ /service-areas/fulshear/ /service-areas/fulshear/cross-creek-ranch-handyman/ /service-areas/fulshear/jordan-ranch-handyman/ /service-areas/katy/ /service-areas/katy/cane-island-handyman/ /service-areas/katy/cinco-ranch-handyman/ /service-areas/katy/elyson-handyman/ /service-areas/katy/sunterra-handyman/ /service-areas/katy/tamarron-handyman/ /service-areas/richmond/ /service-areas/richmond/aliana-handyman/ /service-areas/richmond/harvest-green-handyman/ /service-areas/richmond/veranda-handyman/ /service-areas/west-houston/ /services/ /services/bathroom-remodeling/ /services/cabinet-installation/ /services/ceiling-fan-installation/ /services/curtain-installation/ /services/custom-carpentry/ /services/door-repair-installation/ /services/drywall-repair/ /services/electrical-services/ /services/flooring-and-decor/ /services/furniture-assembly/ /services/general-handyman-services/ /services/handyman-to-do-list/,BreadcrumbList | FAQPage | Service | WebPage,True,Allow: / (site robots.txt),
https://www.eyshandyman.com/home2/,src/pages/home2.astro,preview,200,False,https://www.eyshandyman.com/,Classic Homepage Preview | Elevate Your Space,Internal preview of the classic homepage layout. The live site homepage is at the root URL.,Veteran-Owned Handyman for Katy & West Houston,Get a clear estimate || Trusted Handyman Across Katy & West Houston || Home Repair & Remodeling Across Katy & West Houston || Our Services || Why Choose Us? || Simple Steps to Elevate Your Space || Customer Reviews || Veteran Owned & Operated || Frequently Asked Questions || Proudly serving Katy and West Houston || Get Started Today,1162,handyman,Katy,handyman,0,48,,/ /about/ /blog/ /book/ /contact/ /our-work/ /pricing/ /privacy/ /reviews/ /service-areas/ /service-areas/cypress/ /service-areas/cypress/bridgeland-handyman/ /service-areas/cypress/towne-lake-handyman/ /service-areas/fulshear/ /service-areas/fulshear/cross-creek-ranch-handyman/ /service-areas/fulshear/jordan-ranch-handyman/ /service-areas/katy/ /service-areas/katy/cane-island-handyman/ /service-areas/katy/cinco-ranch-handyman/ /service-areas/katy/elyson-handyman/ /service-areas/katy/sunterra-handyman/ /service-areas/katy/tamarron-handyman/ /service-areas/richmond/ /service-areas/richmond/aliana-handyman/ /service-areas/richmond/harvest-green-handyman/ /service-areas/richmond/veranda-handyman/ /service-areas/west-houston/ /services/ /services/bathroom-remodeling/ /services/cabinet-installation/ /services/ceiling-fan-installation/ /services/curtain-installation/ /services/custom-carpentry/ /services/door-repair-installation/ /services/drywall-repair/ /services/electrical-services/ /services/flooring-and-decor/ /services/furniture-assembly/ /services/general-handyman-services/ /services/handyman-to-do-list/,FAQPage | HomeAndConstructionBusiness,False,Allow: / (site robots.txt),/ (identical H1)
https://www.eyshandyman.com/house-painting-katy/,src/content/city-services/house-painting-katy.md + src/pages/[legacySlug].astro,legacy-city-service,200,True,https://www.eyshandyman.com/house-painting-katy/,"House Painting in Katy, TX | Elevate Your Space Handyman","Interior painting in Katy, TX — room refreshes, accent walls, and trim touch-ups for established suburban homes.","House Painting in Katy, TX","Local service details || Interior painting for Katy homes || What we handle in Katy, TX || How it works || Frequently asked questions || Explore related pages || Ready to elevate your Katy, TX home?",333,handyman,Katy,handyman,1,48,/sitemap/,/ /about/ /blog/ /book/ /contact/ /our-work/ /pricing/ /privacy/ /reviews/ /service-areas/ /service-areas/cypress/ /service-areas/cypress/bridgeland-handyman/ /service-areas/cypress/towne-lake-handyman/ /service-areas/fulshear/ /service-areas/fulshear/cross-creek-ranch-handyman/ /service-areas/fulshear/jordan-ranch-handyman/ /service-areas/katy/ /service-areas/katy/cane-island-handyman/ /service-areas/katy/cinco-ranch-handyman/ /service-areas/katy/elyson-handyman/ /service-areas/katy/sunterra-handyman/ /service-areas/katy/tamarron-handyman/ /service-areas/richmond/ /service-areas/richmond/aliana-handyman/ /service-areas/richmond/harvest-green-handyman/ /service-areas/richmond/veranda-handyman/ /service-areas/west-houston/ /services/ /services/bathroom-remodeling/ /services/cabinet-installation/ /services/ceiling-fan-installation/ /services/curtain-installation/ /services/custom-carpentry/ /services/door-repair-installation/ /services/drywall-repair/ /services/electrical-services/ /services/flooring-and-decor/ /services/furniture-assembly/ /services/general-handyman-services/ /services/handyman-to-do-list/,BreadcrumbList | FAQPage | Service | WebPage,True,Allow: / (site robots.txt),
https://www.eyshandyman.com/house-painting-richmond/,src/content/city-services/house-painting-richmond.md + src/pages/[legacySlug].astro,legacy-city-service,200,True,https://www.eyshandyman.com/house-painting-richmond/,"House Painting in Richmond, TX | Elevate Your Space Handyman","Interior painting and touch-ups in Richmond, TX for Pecan Grove, Aliana, and Fort Bend homes — accent walls, trim, and room refreshes.","House Painting in Richmond, TX","Local service details || Interior painting in Richmond TX || What we handle in Richmond, TX || How it works || Frequently asked questions || Explore related pages || Ready to elevate your Richmond, TX home?",349,handyman,Richmond,handyman,1,48,/sitemap/,/ /about/ /blog/ /book/ /contact/ /our-work/ /pricing/ /privacy/ /reviews/ /service-areas/ /service-areas/cypress/ /service-areas/cypress/bridgeland-handyman/ /service-areas/cypress/towne-lake-handyman/ /service-areas/fulshear/ /service-areas/fulshear/cross-creek-ranch-handyman/ /service-areas/fulshear/jordan-ranch-handyman/ /service-areas/katy/ /service-areas/katy/cane-island-handyman/ /service-areas/katy/cinco-ranch-handyman/ /service-areas/katy/elyson-handyman/ /service-areas/katy/sunterra-handyman/ /service-areas/katy/tamarron-handyman/ /service-areas/richmond/ /service-areas/richmond/aliana-handyman/ /service-areas/richmond/harvest-green-handyman/ /service-areas/richmond/veranda-handyman/ /service-areas/west-houston/ /services/ /services/bathroom-remodeling/ /services/cabinet-installation/ /services/ceiling-fan-installation/ /services/curtain-installation/ /services/custom-carpentry/ /services/door-repair-installation/ /services/drywall-repair/ /services/electrical-services/ /services/flooring-and-decor/ /services/furniture-assembly/ /services/general-handyman-services/ /services/handyman-to-do-list/,BreadcrumbList | FAQPage | Service | WebPage,True,Allow: / (site robots.txt),
https://www.eyshandyman.com/kitchen-remodeling-katy/,src/content/city-services/kitchen-remodeling-katy.md + src/pages/[legacySlug].astro,legacy-city-service,200,True,https://www.eyshandyman.com/kitchen-remodeling-katy/,"Kitchen Remodeling in Katy, TX | Elevate Your Space Handyman","Kitchen upgrades in Katy, TX — backsplash, hardware, fixtures, and punch-list remodeling for suburban families.","Kitchen Remodeling in Katy, TX","Local service details || Kitchen updates for maturing Katy homes || What we handle in Katy, TX || How it works || Frequently asked questions || Explore related pages || Ready to elevate your Katy, TX home?",374,handyman,Katy,handyman,2,48,/services/kitchen-remodeling/ /sitemap/,/ /about/ /blog/ /book/ /contact/ /our-work/ /pricing/ /privacy/ /reviews/ /service-areas/ /service-areas/cypress/ /service-areas/cypress/bridgeland-handyman/ /service-areas/cypress/towne-lake-handyman/ /service-areas/fulshear/ /service-areas/fulshear/cross-creek-ranch-handyman/ /service-areas/fulshear/jordan-ranch-handyman/ /service-areas/katy/ /service-areas/katy/cane-island-handyman/ /service-areas/katy/cinco-ranch-handyman/ /service-areas/katy/elyson-handyman/ /service-areas/katy/sunterra-handyman/ /service-areas/katy/tamarron-handyman/ /service-areas/richmond/ /service-areas/richmond/aliana-handyman/ /service-areas/richmond/harvest-green-handyman/ /service-areas/richmond/veranda-handyman/ /service-areas/west-houston/ /services/ /services/bathroom-remodeling/ /services/cabinet-installation/ /services/ceiling-fan-installation/ /services/curtain-installation/ /services/custom-carpentry/ /services/door-repair-installation/ /services/drywall-repair/ /services/electrical-services/ /services/flooring-and-decor/ /services/furniture-assembly/ /services/general-handyman-services/ /services/handyman-to-do-list/,BreadcrumbList | FAQPage | Service | WebPage,True,Allow: / (site robots.txt),
https://www.eyshandyman.com/kitchen-remodeling-richmond/,src/content/city-services/kitchen-remodeling-richmond.md + src/pages/[legacySlug].astro,legacy-city-service,200,True,https://www.eyshandyman.com/kitchen-remodeling-richmond/,"Kitchen Remodeling in Richmond, TX | Elevate Your Space Handyman","Kitchen upgrades in Richmond, TX — backsplash, hardware, fixtures, and punch-list remodeling for Fort Bend homeowners.","Kitchen Remodeling in Richmond, TX","Local service details || Kitchen improvements across Richmond TX || What we handle in Richmond, TX || How it works || Frequently asked questions || Explore related pages || Ready to elevate your Richmond, TX home?",326,handyman,Richmond,handyman,2,48,/services/kitchen-remodeling/ /sitemap/,/ /about/ /blog/ /book/ /contact/ /our-work/ /pricing/ /privacy/ /reviews/ /service-areas/ /service-areas/cypress/ /service-areas/cypress/bridgeland-handyman/ /service-areas/cypress/towne-lake-handyman/ /service-areas/fulshear/ /service-areas/fulshear/cross-creek-ranch-handyman/ /service-areas/fulshear/jordan-ranch-handyman/ /service-areas/katy/ /service-areas/katy/cane-island-handyman/ /service-areas/katy/cinco-ranch-handyman/ /service-areas/katy/elyson-handyman/ /service-areas/katy/sunterra-handyman/ /service-areas/katy/tamarron-handyman/ /service-areas/richmond/ /service-areas/richmond/aliana-handyman/ /service-areas/richmond/harvest-green-handyman/ /service-areas/richmond/veranda-handyman/ /service-areas/west-houston/ /services/ /services/bathroom-remodeling/ /services/cabinet-installation/ /services/ceiling-fan-installation/ /services/curtain-installation/ /services/custom-carpentry/ /services/door-repair-installation/ /services/drywall-repair/ /services/electrical-services/ /services/flooring-and-decor/ /services/furniture-assembly/ /services/general-handyman-services/ /services/handyman-to-do-list/,BreadcrumbList | FAQPage | Service | WebPage,True,Allow: / (site robots.txt),
https://www.eyshandyman.com/our-work/,src/pages/our-work/index.astro,projects-index,200,True,https://www.eyshandyman.com/our-work/,Handyman Projects in Katy & Greater Houston | EYS Handyman,"Explore completed repairs, installations, carpentry, media walls and home-improvement projects across Katy and surrounding communities.",Recent Handyman Projects,Featured Work || Browse Our Projects || Have a Project in Mind? || Get Started Today || Project,392,handyman,Katy,handyman,77,56,/ /404/ /about/ /bathroom-remodeling-richmond/ /bathroom-remodeling-services-katy/ /blog/ /blog/hoa-patio-updates-bridgeland/ /blog/move-in-upgrades-sunterra/ /book/ /contact/ /custom-cabinets-katy/ /custom-cabinets-richmond/ /door-installation-richmond/ /door-installation-services-katy/ /drywall-repair-katy/ /drywall-repair-richmond/ /electricians-katy/ /electricians-richmond/ /floor-and-decor-katy/ /floor-and-decor-richmond/ /handyman-service-richmond/ /home2/ /house-painting-katy/ /house-painting-richmond/ /kitchen-remodeling-katy/,/ /about/ /blog/ /book/ /contact/ /our-work/ /our-work/curved-stair-paneling/ /our-work/double-height-curtains/ /our-work/marble-wood-slat-feature-wall/ /our-work/navy-office-builtins/ /our-work/pergola-privacy-wall/ /our-work/sage-kitchen-remodel/ /our-work/understair-curved-shelving/ /our-work/vaulted-crystal-chandelier/ /pricing/ /privacy/ /reviews/ /service-areas/ /service-areas/cypress/ /service-areas/cypress/bridgeland-handyman/ /service-areas/cypress/towne-lake-handyman/ /service-areas/fulshear/ /service-areas/fulshear/cross-creek-ranch-handyman/ /service-areas/fulshear/jordan-ranch-handyman/ /service-areas/katy/ /service-areas/katy/cane-island-handyman/ /service-areas/katy/cinco-ranch-handyman/ /service-areas/katy/elyson-handyman/ /service-areas/katy/sunterra-handyman/ /service-areas/katy/tamarron-handyman/ /service-areas/richmond/ /service-areas/richmond/aliana-handyman/ /service-areas/richmond/harvest-green-handyman/ /service-areas/richmond/veranda-handyman/ /service-areas/west-houston/ /services/ /services/bathroom-remodeling/ /services/cabinet-installation/ /services/ceiling-fan-installation/ /services/curtain-installation/,BreadcrumbList | WebPage,True,Allow: / (site robots.txt),
https://www.eyshandyman.com/our-work/curved-stair-paneling/,src/content/projects/curved-stair-paneling.md + src/pages/our-work/[slug].astro,project,200,True,https://www.eyshandyman.com/our-work/curved-stair-paneling/,Curved Stair Wall Paneling | EYS Handyman,See custom curved-stair fluted paneling and picture-frame molding installed for a West Houston home by Elevate Your Space Handyman in Katy.,Curved Stair Wall Paneling,Before & After || Project Photos || Project Scope || Project Details || Need something like this? || Related Projects || Get Started Today,443,handyman,West Houston,handyman,10,51,/our-work/ /our-work/double-height-curtains/ /our-work/marble-wood-slat-feature-wall/ /our-work/navy-office-builtins/ /our-work/pergola-privacy-wall/ /our-work/sage-kitchen-remodel/ /our-work/understair-curved-shelving/ /our-work/vaulted-crystal-chandelier/ /services/custom-carpentry/ /sitemap/,/ /about/ /blog/ /book/ /contact/ /our-work/ /our-work/navy-office-builtins/ /our-work/sage-kitchen-remodel/ /our-work/understair-curved-shelving/ /pricing/ /privacy/ /reviews/ /service-areas/ /service-areas/cypress/ /service-areas/cypress/bridgeland-handyman/ /service-areas/cypress/towne-lake-handyman/ /service-areas/fulshear/ /service-areas/fulshear/cross-creek-ranch-handyman/ /service-areas/fulshear/jordan-ranch-handyman/ /service-areas/katy/ /service-areas/katy/cane-island-handyman/ /service-areas/katy/cinco-ranch-handyman/ /service-areas/katy/elyson-handyman/ /service-areas/katy/sunterra-handyman/ /service-areas/katy/tamarron-handyman/ /service-areas/richmond/ /service-areas/richmond/aliana-handyman/ /service-areas/richmond/harvest-green-handyman/ /service-areas/richmond/veranda-handyman/ /service-areas/west-houston/ /services/ /services/bathroom-remodeling/ /services/cabinet-installation/ /services/ceiling-fan-installation/ /services/curtain-installation/ /services/custom-carpentry/ /services/door-repair-installation/ /services/drywall-repair/ /services/electrical-services/ /services/flooring-and-decor/,BreadcrumbList | WebPage,True,Allow: / (site robots.txt),
https://www.eyshandyman.com/our-work/double-height-curtains/,src/content/projects/double-height-curtains.md + src/pages/our-work/[slug].astro,project,200,True,https://www.eyshandyman.com/our-work/double-height-curtains/,Double-Height Curtain Installation | EYS Handyman,Floor-to-ceiling curtain and drapery hardware installed in a double-height living space in Katy and West Houston by Elevate Your Space Handyman.,Double-Height Curtain Installation,Project Photos || Project Scope || Project Details || Need something like this? || Related Projects || Get Started Today,419,handyman,multi/regional,handyman,4,51,/our-work/ /our-work/vaulted-crystal-chandelier/ /services/curtain-installation/ /sitemap/,/ /about/ /blog/ /book/ /contact/ /our-work/ /our-work/curved-stair-paneling/ /our-work/marble-wood-slat-feature-wall/ /our-work/vaulted-crystal-chandelier/ /pricing/ /privacy/ /reviews/ /service-areas/ /service-areas/cypress/ /service-areas/cypress/bridgeland-handyman/ /service-areas/cypress/towne-lake-handyman/ /service-areas/fulshear/ /service-areas/fulshear/cross-creek-ranch-handyman/ /service-areas/fulshear/jordan-ranch-handyman/ /service-areas/katy/ /service-areas/katy/cane-island-handyman/ /service-areas/katy/cinco-ranch-handyman/ /service-areas/katy/elyson-handyman/ /service-areas/katy/sunterra-handyman/ /service-areas/katy/tamarron-handyman/ /service-areas/richmond/ /service-areas/richmond/aliana-handyman/ /service-areas/richmond/harvest-green-handyman/ /service-areas/richmond/veranda-handyman/ /service-areas/west-houston/ /services/ /services/bathroom-remodeling/ /services/cabinet-installation/ /services/ceiling-fan-installation/ /services/curtain-installation/ /services/custom-carpentry/ /services/door-repair-installation/ /services/drywall-repair/ /services/electrical-services/ /services/flooring-and-decor/,BreadcrumbList | WebPage,True,Allow: / (site robots.txt),
https://www.eyshandyman.com/our-work/marble-wood-slat-feature-wall/,src/content/projects/marble-wood-slat-feature-wall.md + src/pages/our-work/[slug].astro,project,200,True,https://www.eyshandyman.com/our-work/marble-wood-slat-feature-wall/,Marble & Wood-Slat Feature Wall | EYS Handyman,Floor-to-ceiling marble-look tile and dark wood-slat feature wall for West Houston living rooms by Elevate Your Space Handyman in Katy.,Marble & Wood-Slat Feature Wall,Project Scope || Project Details || Need something like this? || Related Projects || Get Started Today,418,handyman,multi/regional,handyman,8,51,/our-work/ /our-work/double-height-curtains/ /our-work/navy-office-builtins/ /our-work/pergola-privacy-wall/ /our-work/sage-kitchen-remodel/ /our-work/vaulted-crystal-chandelier/ /services/tv-mounting/ /sitemap/,/ /about/ /blog/ /book/ /contact/ /our-work/ /our-work/curved-stair-paneling/ /our-work/navy-office-builtins/ /our-work/sage-kitchen-remodel/ /pricing/ /privacy/ /reviews/ /service-areas/ /service-areas/cypress/ /service-areas/cypress/bridgeland-handyman/ /service-areas/cypress/towne-lake-handyman/ /service-areas/fulshear/ /service-areas/fulshear/cross-creek-ranch-handyman/ /service-areas/fulshear/jordan-ranch-handyman/ /service-areas/katy/ /service-areas/katy/cane-island-handyman/ /service-areas/katy/cinco-ranch-handyman/ /service-areas/katy/elyson-handyman/ /service-areas/katy/sunterra-handyman/ /service-areas/katy/tamarron-handyman/ /service-areas/richmond/ /service-areas/richmond/aliana-handyman/ /service-areas/richmond/harvest-green-handyman/ /service-areas/richmond/veranda-handyman/ /service-areas/west-houston/ /services/ /services/bathroom-remodeling/ /services/cabinet-installation/ /services/ceiling-fan-installation/ /services/curtain-installation/ /services/custom-carpentry/ /services/door-repair-installation/ /services/drywall-repair/ /services/electrical-services/ /services/flooring-and-decor/,BreadcrumbList | WebPage,True,Allow: / (site robots.txt),
https://www.eyshandyman.com/our-work/navy-office-builtins/,src/content/projects/navy-office-builtins.md + src/pages/our-work/[slug].astro,project,200,True,https://www.eyshandyman.com/our-work/navy-office-builtins/,Navy Office Built-Ins & French Doors | EYS Handyman,"Custom navy office built-ins with open shelving, cabinets, and French door trim in Katy and West Houston by Elevate Your Space Handyman.",Navy Office Built-Ins & French Doors,Project Photos || Project Scope || Project Details || Need something like this? || Related Projects || Get Started Today,463,handyman,multi/regional,handyman,7,51,/our-work/ /our-work/curved-stair-paneling/ /our-work/marble-wood-slat-feature-wall/ /our-work/pergola-privacy-wall/ /our-work/understair-curved-shelving/ /services/custom-carpentry/ /sitemap/,/ /about/ /blog/ /book/ /contact/ /our-work/ /our-work/curved-stair-paneling/ /our-work/marble-wood-slat-feature-wall/ /our-work/understair-curved-shelving/ /pricing/ /privacy/ /reviews/ /service-areas/ /service-areas/cypress/ /service-areas/cypress/bridgeland-handyman/ /service-areas/cypress/towne-lake-handyman/ /service-areas/fulshear/ /service-areas/fulshear/cross-creek-ranch-handyman/ /service-areas/fulshear/jordan-ranch-handyman/ /service-areas/katy/ /service-areas/katy/cane-island-handyman/ /service-areas/katy/cinco-ranch-handyman/ /service-areas/katy/elyson-handyman/ /service-areas/katy/sunterra-handyman/ /service-areas/katy/tamarron-handyman/ /service-areas/richmond/ /service-areas/richmond/aliana-handyman/ /service-areas/richmond/harvest-green-handyman/ /service-areas/richmond/veranda-handyman/ /service-areas/west-houston/ /services/ /services/bathroom-remodeling/ /services/cabinet-installation/ /services/ceiling-fan-installation/ /services/curtain-installation/ /services/custom-carpentry/ /services/door-repair-installation/ /services/drywall-repair/ /services/electrical-services/ /services/flooring-and-decor/,BreadcrumbList | WebPage,True,Allow: / (site robots.txt),
https://www.eyshandyman.com/our-work/pergola-privacy-wall/,src/content/projects/pergola-privacy-wall.md + src/pages/our-work/[slug].astro,project,200,True,https://www.eyshandyman.com/our-work/pergola-privacy-wall/,Wood Pergola & Privacy Wall | EYS Handyman,Dark-stained wood pergola with privacy-slat wall built over a patio for West Houston outdoor living by Elevate Your Space Handyman in Katy.,Wood Pergola & Privacy Wall,Project Scope || Project Details || Need something like this? || Related Projects || Get Started Today,397,handyman,multi/regional,handyman,2,51,/our-work/ /sitemap/,/ /about/ /blog/ /book/ /contact/ /our-work/ /our-work/curved-stair-paneling/ /our-work/marble-wood-slat-feature-wall/ /our-work/navy-office-builtins/ /pricing/ /privacy/ /reviews/ /service-areas/ /service-areas/cypress/ /service-areas/cypress/bridgeland-handyman/ /service-areas/cypress/towne-lake-handyman/ /service-areas/fulshear/ /service-areas/fulshear/cross-creek-ranch-handyman/ /service-areas/fulshear/jordan-ranch-handyman/ /service-areas/katy/ /service-areas/katy/cane-island-handyman/ /service-areas/katy/cinco-ranch-handyman/ /service-areas/katy/elyson-handyman/ /service-areas/katy/sunterra-handyman/ /service-areas/katy/tamarron-handyman/ /service-areas/richmond/ /service-areas/richmond/aliana-handyman/ /service-areas/richmond/harvest-green-handyman/ /service-areas/richmond/veranda-handyman/ /service-areas/west-houston/ /services/ /services/bathroom-remodeling/ /services/cabinet-installation/ /services/ceiling-fan-installation/ /services/curtain-installation/ /services/custom-carpentry/ /services/door-repair-installation/ /services/drywall-repair/ /services/electrical-services/ /services/flooring-and-decor/,BreadcrumbList | WebPage,True,Allow: / (site robots.txt),
https://www.eyshandyman.com/our-work/sage-kitchen-remodel/,src/content/projects/sage-kitchen-remodel.md + src/pages/our-work/[slug].astro,project,200,True,https://www.eyshandyman.com/our-work/sage-kitchen-remodel/,Two-Tone Sage Kitchen Remodel | EYS Handyman,Two-tone sage and white kitchen remodel with quartz counters and subway tile in Katy and West Houston by Elevate Your Space Handyman.,Two-Tone Sage Kitchen Remodel,Before & After || Project Photos || Project Scope || Project Details || Need something like this? || Related Projects || Get Started Today,466,handyman,multi/regional,handyman,7,51,/our-work/ /our-work/curved-stair-paneling/ /our-work/marble-wood-slat-feature-wall/ /our-work/understair-curved-shelving/ /services/cabinet-installation/ /services/kitchen-remodeling/ /sitemap/,/ /about/ /blog/ /book/ /contact/ /our-work/ /our-work/curved-stair-paneling/ /our-work/marble-wood-slat-feature-wall/ /our-work/understair-curved-shelving/ /pricing/ /privacy/ /reviews/ /service-areas/ /service-areas/cypress/ /service-areas/cypress/bridgeland-handyman/ /service-areas/cypress/towne-lake-handyman/ /service-areas/fulshear/ /service-areas/fulshear/cross-creek-ranch-handyman/ /service-areas/fulshear/jordan-ranch-handyman/ /service-areas/katy/ /service-areas/katy/cane-island-handyman/ /service-areas/katy/cinco-ranch-handyman/ /service-areas/katy/elyson-handyman/ /service-areas/katy/sunterra-handyman/ /service-areas/katy/tamarron-handyman/ /service-areas/richmond/ /service-areas/richmond/aliana-handyman/ /service-areas/richmond/harvest-green-handyman/ /service-areas/richmond/veranda-handyman/ /service-areas/west-houston/ /services/ /services/bathroom-remodeling/ /services/cabinet-installation/ /services/ceiling-fan-installation/ /services/curtain-installation/ /services/custom-carpentry/ /services/door-repair-installation/ /services/drywall-repair/ /services/electrical-services/ /services/flooring-and-decor/,BreadcrumbList | WebPage,True,Allow: / (site robots.txt),
https://www.eyshandyman.com/our-work/understair-curved-shelving/,src/content/projects/understair-curved-shelving.md + src/pages/our-work/[slug].astro,project,200,True,https://www.eyshandyman.com/our-work/understair-curved-shelving/,Curved Under-Stair Shelving | EYS Handyman,Custom curved under-stair shelving that turns unused closet space into storage for West Houston homes by Elevate Your Space Handyman in Katy.,Curved Under-Stair Shelving,Before & After || Project Photos || Project Scope || Project Details || Need something like this? || Related Projects || Get Started Today,447,handyman,multi/regional,handyman,5,51,/our-work/ /our-work/curved-stair-paneling/ /our-work/navy-office-builtins/ /our-work/sage-kitchen-remodel/ /sitemap/,/ /about/ /blog/ /book/ /contact/ /our-work/ /our-work/curved-stair-paneling/ /our-work/navy-office-builtins/ /our-work/sage-kitchen-remodel/ /pricing/ /privacy/ /reviews/ /service-areas/ /service-areas/cypress/ /service-areas/cypress/bridgeland-handyman/ /service-areas/cypress/towne-lake-handyman/ /service-areas/fulshear/ /service-areas/fulshear/cross-creek-ranch-handyman/ /service-areas/fulshear/jordan-ranch-handyman/ /service-areas/katy/ /service-areas/katy/cane-island-handyman/ /service-areas/katy/cinco-ranch-handyman/ /service-areas/katy/elyson-handyman/ /service-areas/katy/sunterra-handyman/ /service-areas/katy/tamarron-handyman/ /service-areas/richmond/ /service-areas/richmond/aliana-handyman/ /service-areas/richmond/harvest-green-handyman/ /service-areas/richmond/veranda-handyman/ /service-areas/west-houston/ /services/ /services/bathroom-remodeling/ /services/cabinet-installation/ /services/ceiling-fan-installation/ /services/curtain-installation/ /services/custom-carpentry/ /services/door-repair-installation/ /services/drywall-repair/ /services/electrical-services/ /services/flooring-and-decor/,BreadcrumbList | WebPage,True,Allow: / (site robots.txt),
https://www.eyshandyman.com/our-work/vaulted-crystal-chandelier/,src/content/projects/vaulted-crystal-chandelier.md + src/pages/our-work/[slug].astro,project,200,True,https://www.eyshandyman.com/our-work/vaulted-crystal-chandelier/,Vaulted Ceiling Crystal Chandelier | EYS Handyman,Statement crystal chandelier installed and leveled on a vaulted living-room ceiling in Katy and West Houston by Elevate Your Space Handyman.,Vaulted Ceiling Crystal Chandelier,Project Photos || Project Scope || Project Details || Need something like this? || Related Projects || Get Started Today,421,handyman,multi/regional,handyman,4,51,/our-work/ /our-work/double-height-curtains/ /services/electrical-services/ /sitemap/,/ /about/ /blog/ /book/ /contact/ /our-work/ /our-work/curved-stair-paneling/ /our-work/double-height-curtains/ /our-work/marble-wood-slat-feature-wall/ /pricing/ /privacy/ /reviews/ /service-areas/ /service-areas/cypress/ /service-areas/cypress/bridgeland-handyman/ /service-areas/cypress/towne-lake-handyman/ /service-areas/fulshear/ /service-areas/fulshear/cross-creek-ranch-handyman/ /service-areas/fulshear/jordan-ranch-handyman/ /service-areas/katy/ /service-areas/katy/cane-island-handyman/ /service-areas/katy/cinco-ranch-handyman/ /service-areas/katy/elyson-handyman/ /service-areas/katy/sunterra-handyman/ /service-areas/katy/tamarron-handyman/ /service-areas/richmond/ /service-areas/richmond/aliana-handyman/ /service-areas/richmond/harvest-green-handyman/ /service-areas/richmond/veranda-handyman/ /service-areas/west-houston/ /services/ /services/bathroom-remodeling/ /services/cabinet-installation/ /services/ceiling-fan-installation/ /services/curtain-installation/ /services/custom-carpentry/ /services/door-repair-installation/ /services/drywall-repair/ /services/electrical-services/ /services/flooring-and-decor/,BreadcrumbList | WebPage,True,Allow: / (site robots.txt),
https://www.eyshandyman.com/pricing/,src/pages/pricing.astro,pricing,200,True,https://www.eyshandyman.com/pricing/,Pricing & Estimates | Elevate Your Space Handyman,"Learn how Elevate Your Space Handyman prices handyman services in Katy and West Houston. Fair estimates based on scope, materials, and access.",Pricing & Estimates,How pricing works || Service-specific details || Pricing FAQs || Get Started Today,333,handyman,multi/regional,handyman,77,48,/ /404/ /about/ /bathroom-remodeling-richmond/ /bathroom-remodeling-services-katy/ /blog/ /blog/hoa-patio-updates-bridgeland/ /blog/move-in-upgrades-sunterra/ /book/ /contact/ /custom-cabinets-katy/ /custom-cabinets-richmond/ /door-installation-richmond/ /door-installation-services-katy/ /drywall-repair-katy/ /drywall-repair-richmond/ /electricians-katy/ /electricians-richmond/ /floor-and-decor-katy/ /floor-and-decor-richmond/ /handyman-service-richmond/ /home2/ /house-painting-katy/ /house-painting-richmond/ /kitchen-remodeling-katy/,/ /about/ /blog/ /book/ /contact/ /our-work/ /pricing/ /privacy/ /reviews/ /service-areas/ /service-areas/cypress/ /service-areas/cypress/bridgeland-handyman/ /service-areas/cypress/towne-lake-handyman/ /service-areas/fulshear/ /service-areas/fulshear/cross-creek-ranch-handyman/ /service-areas/fulshear/jordan-ranch-handyman/ /service-areas/katy/ /service-areas/katy/cane-island-handyman/ /service-areas/katy/cinco-ranch-handyman/ /service-areas/katy/elyson-handyman/ /service-areas/katy/sunterra-handyman/ /service-areas/katy/tamarron-handyman/ /service-areas/richmond/ /service-areas/richmond/aliana-handyman/ /service-areas/richmond/harvest-green-handyman/ /service-areas/richmond/veranda-handyman/ /service-areas/west-houston/ /services/ /services/bathroom-remodeling/ /services/cabinet-installation/ /services/ceiling-fan-installation/ /services/curtain-installation/ /services/custom-carpentry/ /services/door-repair-installation/ /services/drywall-repair/ /services/electrical-services/ /services/flooring-and-decor/ /services/furniture-assembly/ /services/general-handyman-services/ /services/handyman-to-do-list/,BreadcrumbList | FAQPage | WebPage,True,Allow: / (site robots.txt),
https://www.eyshandyman.com/privacy/,src/pages/privacy.astro,legal,200,True,https://www.eyshandyman.com/privacy/,Privacy Policy | Elevate Your Space Handyman,Privacy policy for Elevate Your Space Handyman — how we collect and use your information when you request an estimate.,Privacy Policy,Information we collect || How we use information || Contact,102,handyman,multi/regional,handyman,77,48,/ /404/ /about/ /bathroom-remodeling-richmond/ /bathroom-remodeling-services-katy/ /blog/ /blog/hoa-patio-updates-bridgeland/ /blog/move-in-upgrades-sunterra/ /book/ /contact/ /custom-cabinets-katy/ /custom-cabinets-richmond/ /door-installation-richmond/ /door-installation-services-katy/ /drywall-repair-katy/ /drywall-repair-richmond/ /electricians-katy/ /electricians-richmond/ /floor-and-decor-katy/ /floor-and-decor-richmond/ /handyman-service-richmond/ /home2/ /house-painting-katy/ /house-painting-richmond/ /kitchen-remodeling-katy/,/ /about/ /blog/ /book/ /contact/ /our-work/ /pricing/ /privacy/ /reviews/ /service-areas/ /service-areas/cypress/ /service-areas/cypress/bridgeland-handyman/ /service-areas/cypress/towne-lake-handyman/ /service-areas/fulshear/ /service-areas/fulshear/cross-creek-ranch-handyman/ /service-areas/fulshear/jordan-ranch-handyman/ /service-areas/katy/ /service-areas/katy/cane-island-handyman/ /service-areas/katy/cinco-ranch-handyman/ /service-areas/katy/elyson-handyman/ /service-areas/katy/sunterra-handyman/ /service-areas/katy/tamarron-handyman/ /service-areas/richmond/ /service-areas/richmond/aliana-handyman/ /service-areas/richmond/harvest-green-handyman/ /service-areas/richmond/veranda-handyman/ /service-areas/west-houston/ /services/ /services/bathroom-remodeling/ /services/cabinet-installation/ /services/ceiling-fan-installation/ /services/curtain-installation/ /services/custom-carpentry/ /services/door-repair-installation/ /services/drywall-repair/ /services/electrical-services/ /services/flooring-and-decor/ /services/furniture-assembly/ /services/general-handyman-services/ /services/handyman-to-do-list/,BreadcrumbList | WebPage,True,Allow: / (site robots.txt),
https://www.eyshandyman.com/reviews/,src/pages/reviews.astro,reviews,200,True,https://www.eyshandyman.com/reviews/,Customer Reviews | Elevate Your Space Handyman,Read verified customer reviews for Elevate Your Space Handyman in Katy and West Houston. 4.9 stars from 150+ Google reviews.,What West Houston Homeowners Say,Get Started Today,318,handyman,Katy,handyman,77,48,/ /404/ /about/ /bathroom-remodeling-richmond/ /bathroom-remodeling-services-katy/ /blog/ /blog/hoa-patio-updates-bridgeland/ /blog/move-in-upgrades-sunterra/ /book/ /contact/ /custom-cabinets-katy/ /custom-cabinets-richmond/ /door-installation-richmond/ /door-installation-services-katy/ /drywall-repair-katy/ /drywall-repair-richmond/ /electricians-katy/ /electricians-richmond/ /floor-and-decor-katy/ /floor-and-decor-richmond/ /handyman-service-richmond/ /home2/ /house-painting-katy/ /house-painting-richmond/ /kitchen-remodeling-katy/,/ /about/ /blog/ /book/ /contact/ /our-work/ /pricing/ /privacy/ /reviews/ /service-areas/ /service-areas/cypress/ /service-areas/cypress/bridgeland-handyman/ /service-areas/cypress/towne-lake-handyman/ /service-areas/fulshear/ /service-areas/fulshear/cross-creek-ranch-handyman/ /service-areas/fulshear/jordan-ranch-handyman/ /service-areas/katy/ /service-areas/katy/cane-island-handyman/ /service-areas/katy/cinco-ranch-handyman/ /service-areas/katy/elyson-handyman/ /service-areas/katy/sunterra-handyman/ /service-areas/katy/tamarron-handyman/ /service-areas/richmond/ /service-areas/richmond/aliana-handyman/ /service-areas/richmond/harvest-green-handyman/ /service-areas/richmond/veranda-handyman/ /service-areas/west-houston/ /services/ /services/bathroom-remodeling/ /services/cabinet-installation/ /services/ceiling-fan-installation/ /services/curtain-installation/ /services/custom-carpentry/ /services/door-repair-installation/ /services/drywall-repair/ /services/electrical-services/ /services/flooring-and-decor/ /services/furniture-assembly/ /services/general-handyman-services/ /services/handyman-to-do-list/,BreadcrumbList | HomeAndConstructionBusiness | Review | WebPage,True,Allow: / (site robots.txt),
https://www.eyshandyman.com/service-areas/,src/pages/service-areas/index.astro,areas-index,200,True,https://www.eyshandyman.com/service-areas/,Service Areas | Elevate Your Space Handyman,"Handyman service areas in Katy, West Houston, and surrounding master-planned communities.",Service Areas,"Cypress, TX || Fulshear, TX || Katy, TX || Richmond, TX || West Houston, TX || Ready to elevate your Katy & West Houston home?",224,handyman,Katy,handyman,77,48,/ /404/ /about/ /bathroom-remodeling-richmond/ /bathroom-remodeling-services-katy/ /blog/ /blog/hoa-patio-updates-bridgeland/ /blog/move-in-upgrades-sunterra/ /book/ /contact/ /custom-cabinets-katy/ /custom-cabinets-richmond/ /door-installation-richmond/ /door-installation-services-katy/ /drywall-repair-katy/ /drywall-repair-richmond/ /electricians-katy/ /electricians-richmond/ /floor-and-decor-katy/ /floor-and-decor-richmond/ /handyman-service-richmond/ /home2/ /house-painting-katy/ /house-painting-richmond/ /kitchen-remodeling-katy/,/ /about/ /blog/ /book/ /contact/ /our-work/ /pricing/ /privacy/ /reviews/ /service-areas/ /service-areas/cypress/ /service-areas/cypress/bridgeland-handyman/ /service-areas/cypress/towne-lake-handyman/ /service-areas/fulshear/ /service-areas/fulshear/cross-creek-ranch-handyman/ /service-areas/fulshear/jordan-ranch-handyman/ /service-areas/katy/ /service-areas/katy/cane-island-handyman/ /service-areas/katy/cinco-ranch-handyman/ /service-areas/katy/elyson-handyman/ /service-areas/katy/sunterra-handyman/ /service-areas/katy/tamarron-handyman/ /service-areas/richmond/ /service-areas/richmond/aliana-handyman/ /service-areas/richmond/harvest-green-handyman/ /service-areas/richmond/veranda-handyman/ /service-areas/west-houston/ /services/ /services/bathroom-remodeling/ /services/cabinet-installation/ /services/ceiling-fan-installation/ /services/curtain-installation/ /services/custom-carpentry/ /services/door-repair-installation/ /services/drywall-repair/ /services/electrical-services/ /services/flooring-and-decor/ /services/furniture-assembly/ /services/general-handyman-services/ /services/handyman-to-do-list/,BreadcrumbList | WebPage,True,Allow: / (site robots.txt),
https://www.eyshandyman.com/service-areas/cypress/,src/content/service-areas/cypress.md + src/pages/service-areas/[city]/index.astro,city,200,True,https://www.eyshandyman.com/service-areas/cypress/,Cypress TX Handyman | Home Improvement & Repairs,"Cypress TX handyman for Lakewood Forest to Bridgeland and Towne Lake — repairs, upgrades, free estimates.","Handyman Services in Cypress, TX","Handyman services across Cypress, TX || Neighborhoods we serve in Cypress, TX || Handyman services in Cypress, TX || Handyman & home improvement in Cypress || Frequently asked questions || Ready to elevate your Cypress, TX home?",653,handyman,Cypress,handyman,77,48,/ /404/ /about/ /bathroom-remodeling-richmond/ /bathroom-remodeling-services-katy/ /blog/ /blog/hoa-patio-updates-bridgeland/ /blog/move-in-upgrades-sunterra/ /book/ /contact/ /custom-cabinets-katy/ /custom-cabinets-richmond/ /door-installation-richmond/ /door-installation-services-katy/ /drywall-repair-katy/ /drywall-repair-richmond/ /electricians-katy/ /electricians-richmond/ /floor-and-decor-katy/ /floor-and-decor-richmond/ /handyman-service-richmond/ /home2/ /house-painting-katy/ /house-painting-richmond/ /kitchen-remodeling-katy/,/ /about/ /blog/ /book/ /contact/ /our-work/ /pricing/ /privacy/ /reviews/ /service-areas/ /service-areas/cypress/ /service-areas/cypress/bridgeland-handyman/ /service-areas/cypress/towne-lake-handyman/ /service-areas/fulshear/ /service-areas/fulshear/cross-creek-ranch-handyman/ /service-areas/fulshear/jordan-ranch-handyman/ /service-areas/katy/ /service-areas/katy/cane-island-handyman/ /service-areas/katy/cinco-ranch-handyman/ /service-areas/katy/elyson-handyman/ /service-areas/katy/sunterra-handyman/ /service-areas/katy/tamarron-handyman/ /service-areas/richmond/ /service-areas/richmond/aliana-handyman/ /service-areas/richmond/harvest-green-handyman/ /service-areas/richmond/veranda-handyman/ /service-areas/west-houston/ /services/ /services/bathroom-remodeling/ /services/cabinet-installation/ /services/ceiling-fan-installation/ /services/curtain-installation/ /services/custom-carpentry/ /services/door-repair-installation/ /services/drywall-repair/ /services/electrical-services/ /services/flooring-and-decor/ /services/furniture-assembly/ /services/general-handyman-services/ /services/handyman-to-do-list/,BreadcrumbList | FAQPage | HomeAndConstructionBusiness | WebPage,True,Allow: / (site robots.txt),
https://www.eyshandyman.com/service-areas/cypress/bridgeland-handyman/,src/content/communities/bridgeland-handyman.md + src/pages/service-areas/[city]/[community].astro,community,200,True,https://www.eyshandyman.com/service-areas/cypress/bridgeland-handyman/,Premium Handyman & Carpentry in Bridgeland | Elevate Your Space,"Elevate Your Space offers premium handyman services, custom carpentry, and home upgrades for Bridgeland residents in Cypress, TX. Request an estimate!",Premium Handyman & Home Upgrades for Bridgeland,Serving Bridgeland homeowners || Projects we handle in Bridgeland || Built for Bridgeland homeowners || How it works || Handyman services in Bridgeland || Frequently asked questions || Ready to elevate your Bridgeland home?,716,handyman,Cypress,handyman,77,48,/ /404/ /about/ /bathroom-remodeling-richmond/ /bathroom-remodeling-services-katy/ /blog/ /blog/hoa-patio-updates-bridgeland/ /blog/move-in-upgrades-sunterra/ /book/ /contact/ /custom-cabinets-katy/ /custom-cabinets-richmond/ /door-installation-richmond/ /door-installation-services-katy/ /drywall-repair-katy/ /drywall-repair-richmond/ /electricians-katy/ /electricians-richmond/ /floor-and-decor-katy/ /floor-and-decor-richmond/ /handyman-service-richmond/ /home2/ /house-painting-katy/ /house-painting-richmond/ /kitchen-remodeling-katy/,/ /about/ /blog/ /book/ /contact/ /our-work/ /pricing/ /privacy/ /reviews/ /service-areas/ /service-areas/cypress/ /service-areas/cypress/bridgeland-handyman/ /service-areas/cypress/towne-lake-handyman/ /service-areas/fulshear/ /service-areas/fulshear/cross-creek-ranch-handyman/ /service-areas/fulshear/jordan-ranch-handyman/ /service-areas/katy/ /service-areas/katy/cane-island-handyman/ /service-areas/katy/cinco-ranch-handyman/ /service-areas/katy/elyson-handyman/ /service-areas/katy/sunterra-handyman/ /service-areas/katy/tamarron-handyman/ /service-areas/richmond/ /service-areas/richmond/aliana-handyman/ /service-areas/richmond/harvest-green-handyman/ /service-areas/richmond/veranda-handyman/ /service-areas/west-houston/ /services/ /services/bathroom-remodeling/ /services/cabinet-installation/ /services/ceiling-fan-installation/ /services/curtain-installation/ /services/custom-carpentry/ /services/door-repair-installation/ /services/drywall-repair/ /services/electrical-services/ /services/flooring-and-decor/ /services/furniture-assembly/ /services/general-handyman-services/ /services/handyman-to-do-list/,BreadcrumbList | FAQPage | HomeAndConstructionBusiness | WebPage,True,Allow: / (site robots.txt),
https://www.eyshandyman.com/service-areas/cypress/towne-lake-handyman/,src/content/communities/towne-lake-handyman.md + src/pages/service-areas/[city]/[community].astro,community,200,True,https://www.eyshandyman.com/service-areas/cypress/towne-lake-handyman/,Towne Lake Handyman & Home Upgrades | Elevate Your Space,"Enjoy the lake life while we handle your home. Elevate Your Space provides premium handyman, carpentry, and outdoor upgrades for Towne Lake in Cypress, TX.",Premium Handyman Services for Towne Lake Homeowners,Serving Towne Lake homeowners || Projects we handle in Towne Lake || Built for Towne Lake homeowners || How it works || Handyman services in Towne Lake || Frequently asked questions || Ready to elevate your Towne Lake home?,715,handyman,Cypress,handyman,77,48,/ /404/ /about/ /bathroom-remodeling-richmond/ /bathroom-remodeling-services-katy/ /blog/ /blog/hoa-patio-updates-bridgeland/ /blog/move-in-upgrades-sunterra/ /book/ /contact/ /custom-cabinets-katy/ /custom-cabinets-richmond/ /door-installation-richmond/ /door-installation-services-katy/ /drywall-repair-katy/ /drywall-repair-richmond/ /electricians-katy/ /electricians-richmond/ /floor-and-decor-katy/ /floor-and-decor-richmond/ /handyman-service-richmond/ /home2/ /house-painting-katy/ /house-painting-richmond/ /kitchen-remodeling-katy/,/ /about/ /blog/ /book/ /contact/ /our-work/ /pricing/ /privacy/ /reviews/ /service-areas/ /service-areas/cypress/ /service-areas/cypress/bridgeland-handyman/ /service-areas/cypress/towne-lake-handyman/ /service-areas/fulshear/ /service-areas/fulshear/cross-creek-ranch-handyman/ /service-areas/fulshear/jordan-ranch-handyman/ /service-areas/katy/ /service-areas/katy/cane-island-handyman/ /service-areas/katy/cinco-ranch-handyman/ /service-areas/katy/elyson-handyman/ /service-areas/katy/sunterra-handyman/ /service-areas/katy/tamarron-handyman/ /service-areas/richmond/ /service-areas/richmond/aliana-handyman/ /service-areas/richmond/harvest-green-handyman/ /service-areas/richmond/veranda-handyman/ /service-areas/west-houston/ /services/ /services/bathroom-remodeling/ /services/cabinet-installation/ /services/ceiling-fan-installation/ /services/curtain-installation/ /services/custom-carpentry/ /services/door-repair-installation/ /services/drywall-repair/ /services/electrical-services/ /services/flooring-and-decor/ /services/furniture-assembly/ /services/general-handyman-services/ /services/handyman-to-do-list/,BreadcrumbList | FAQPage | HomeAndConstructionBusiness | WebPage,True,Allow: / (site robots.txt),
https://www.eyshandyman.com/service-areas/fulshear/,src/content/service-areas/fulshear.md + src/pages/service-areas/[city]/index.astro,city,200,True,https://www.eyshandyman.com/service-areas/fulshear/,Fulshear TX Handyman | New Home Upgrades,"Fulshear TX handyman for new construction and move-in upgrades — TV mounting, garage storage, ceiling fans, and finishing in Cross Creek Ranch.","Handyman Services in Fulshear, TX","Handyman services across Fulshear, TX || Neighborhoods we serve in Fulshear, TX || Handyman services in Fulshear, TX || New home upgrades in Fulshear || Frequently asked questions || Ready to elevate your Fulshear, TX home?",568,handyman,Fulshear,handyman,77,48,/ /404/ /about/ /bathroom-remodeling-richmond/ /bathroom-remodeling-services-katy/ /blog/ /blog/hoa-patio-updates-bridgeland/ /blog/move-in-upgrades-sunterra/ /book/ /contact/ /custom-cabinets-katy/ /custom-cabinets-richmond/ /door-installation-richmond/ /door-installation-services-katy/ /drywall-repair-katy/ /drywall-repair-richmond/ /electricians-katy/ /electricians-richmond/ /floor-and-decor-katy/ /floor-and-decor-richmond/ /handyman-service-richmond/ /home2/ /house-painting-katy/ /house-painting-richmond/ /kitchen-remodeling-katy/,/ /about/ /blog/ /book/ /contact/ /our-work/ /pricing/ /privacy/ /reviews/ /service-areas/ /service-areas/cypress/ /service-areas/cypress/bridgeland-handyman/ /service-areas/cypress/towne-lake-handyman/ /service-areas/fulshear/ /service-areas/fulshear/cross-creek-ranch-handyman/ /service-areas/fulshear/jordan-ranch-handyman/ /service-areas/katy/ /service-areas/katy/cane-island-handyman/ /service-areas/katy/cinco-ranch-handyman/ /service-areas/katy/elyson-handyman/ /service-areas/katy/sunterra-handyman/ /service-areas/katy/tamarron-handyman/ /service-areas/richmond/ /service-areas/richmond/aliana-handyman/ /service-areas/richmond/harvest-green-handyman/ /service-areas/richmond/veranda-handyman/ /service-areas/west-houston/ /services/ /services/bathroom-remodeling/ /services/cabinet-installation/ /services/ceiling-fan-installation/ /services/curtain-installation/ /services/custom-carpentry/ /services/door-repair-installation/ /services/drywall-repair/ /services/electrical-services/ /services/flooring-and-decor/ /services/furniture-assembly/ /services/general-handyman-services/ /services/handyman-to-do-list/,BreadcrumbList | FAQPage | HomeAndConstructionBusiness | WebPage,True,Allow: / (site robots.txt),
https://www.eyshandyman.com/service-areas/fulshear/cross-creek-ranch-handyman/,src/content/communities/cross-creek-ranch-handyman.md + src/pages/service-areas/[city]/[community].astro,community,200,True,https://www.eyshandyman.com/service-areas/fulshear/cross-creek-ranch-handyman/,Premium Handyman in Cross Creek Ranch | Elevate Your Space,"Elevate Your Space provides premium carpentry, garage storage, and home upgrades for Cross Creek Ranch in Fulshear, TX. Request an estimate!",Premium Handyman & Home Upgrades for Cross Creek Ranch,Serving Cross Creek Ranch homeowners || Projects we handle in Cross Creek Ranch || Built for Cross Creek Ranch homeowners || How it works || Handyman services in Cross Creek Ranch || Frequently asked questions || Ready to elevate your Cross Creek Ranch home?,756,handyman,Fulshear,handyman,77,48,/ /404/ /about/ /bathroom-remodeling-richmond/ /bathroom-remodeling-services-katy/ /blog/ /blog/hoa-patio-updates-bridgeland/ /blog/move-in-upgrades-sunterra/ /book/ /contact/ /custom-cabinets-katy/ /custom-cabinets-richmond/ /door-installation-richmond/ /door-installation-services-katy/ /drywall-repair-katy/ /drywall-repair-richmond/ /electricians-katy/ /electricians-richmond/ /floor-and-decor-katy/ /floor-and-decor-richmond/ /handyman-service-richmond/ /home2/ /house-painting-katy/ /house-painting-richmond/ /kitchen-remodeling-katy/,/ /about/ /blog/ /book/ /contact/ /our-work/ /pricing/ /privacy/ /reviews/ /service-areas/ /service-areas/cypress/ /service-areas/cypress/bridgeland-handyman/ /service-areas/cypress/towne-lake-handyman/ /service-areas/fulshear/ /service-areas/fulshear/cross-creek-ranch-handyman/ /service-areas/fulshear/jordan-ranch-handyman/ /service-areas/katy/ /service-areas/katy/cane-island-handyman/ /service-areas/katy/cinco-ranch-handyman/ /service-areas/katy/elyson-handyman/ /service-areas/katy/sunterra-handyman/ /service-areas/katy/tamarron-handyman/ /service-areas/richmond/ /service-areas/richmond/aliana-handyman/ /service-areas/richmond/harvest-green-handyman/ /service-areas/richmond/veranda-handyman/ /service-areas/west-houston/ /services/ /services/bathroom-remodeling/ /services/cabinet-installation/ /services/ceiling-fan-installation/ /services/curtain-installation/ /services/custom-carpentry/ /services/door-repair-installation/ /services/drywall-repair/ /services/electrical-services/ /services/flooring-and-decor/ /services/furniture-assembly/ /services/general-handyman-services/ /services/handyman-to-do-list/,BreadcrumbList | FAQPage | HomeAndConstructionBusiness | WebPage,True,Allow: / (site robots.txt),
https://www.eyshandyman.com/service-areas/fulshear/jordan-ranch-handyman/,src/content/communities/jordan-ranch-handyman.md + src/pages/service-areas/[city]/[community].astro,community,200,True,https://www.eyshandyman.com/service-areas/fulshear/jordan-ranch-handyman/,Handyman & New Home Upgrades in Jordan Ranch | EYS,"Moving to Jordan Ranch? Elevate Your Space provides premium TV mounting, ceiling fan installation, and move-in upgrades in Fulshear, TX. Request an estimate!",Premium Handyman & Move-In Upgrades for Jordan Ranch,Serving Jordan Ranch homeowners || Projects we handle in Jordan Ranch || Built for Jordan Ranch homeowners || How it works || Handyman services in Jordan Ranch || Frequently asked questions || Ready to elevate your Jordan Ranch home?,757,handyman,Fulshear,handyman,77,48,/ /404/ /about/ /bathroom-remodeling-richmond/ /bathroom-remodeling-services-katy/ /blog/ /blog/hoa-patio-updates-bridgeland/ /blog/move-in-upgrades-sunterra/ /book/ /contact/ /custom-cabinets-katy/ /custom-cabinets-richmond/ /door-installation-richmond/ /door-installation-services-katy/ /drywall-repair-katy/ /drywall-repair-richmond/ /electricians-katy/ /electricians-richmond/ /floor-and-decor-katy/ /floor-and-decor-richmond/ /handyman-service-richmond/ /home2/ /house-painting-katy/ /house-painting-richmond/ /kitchen-remodeling-katy/,/ /about/ /blog/ /book/ /contact/ /our-work/ /pricing/ /privacy/ /reviews/ /service-areas/ /service-areas/cypress/ /service-areas/cypress/bridgeland-handyman/ /service-areas/cypress/towne-lake-handyman/ /service-areas/fulshear/ /service-areas/fulshear/cross-creek-ranch-handyman/ /service-areas/fulshear/jordan-ranch-handyman/ /service-areas/katy/ /service-areas/katy/cane-island-handyman/ /service-areas/katy/cinco-ranch-handyman/ /service-areas/katy/elyson-handyman/ /service-areas/katy/sunterra-handyman/ /service-areas/katy/tamarron-handyman/ /service-areas/richmond/ /service-areas/richmond/aliana-handyman/ /service-areas/richmond/harvest-green-handyman/ /service-areas/richmond/veranda-handyman/ /service-areas/west-houston/ /services/ /services/bathroom-remodeling/ /services/cabinet-installation/ /services/ceiling-fan-installation/ /services/curtain-installation/ /services/custom-carpentry/ /services/door-repair-installation/ /services/drywall-repair/ /services/electrical-services/ /services/flooring-and-decor/ /services/furniture-assembly/ /services/general-handyman-services/ /services/handyman-to-do-list/,BreadcrumbList | FAQPage | HomeAndConstructionBusiness | WebPage,True,Allow: / (site robots.txt),
https://www.eyshandyman.com/service-areas/katy/,src/content/service-areas/katy.md + src/pages/service-areas/[city]/index.astro,city,200,True,https://www.eyshandyman.com/service-areas/katy/,Katy Handyman Services | Home Repair & Upgrades,"Looking for a handyman near you in Katy, TX? Elevate Your Space handles repairs, trim updates, hardware modernization, and punch-list work. Free estimates.","Handyman Services in Katy, TX","Handyman services across Katy, TX || Neighborhoods we serve in Katy, TX || Handyman services in Katy, TX || Katy handyman services for established suburban homes || Frequently asked questions || Ready to elevate your Katy, TX home?",820,handyman,Katy,handyman,77,48,/ /404/ /about/ /bathroom-remodeling-richmond/ /bathroom-remodeling-services-katy/ /blog/ /blog/hoa-patio-updates-bridgeland/ /blog/move-in-upgrades-sunterra/ /book/ /contact/ /custom-cabinets-katy/ /custom-cabinets-richmond/ /door-installation-richmond/ /door-installation-services-katy/ /drywall-repair-katy/ /drywall-repair-richmond/ /electricians-katy/ /electricians-richmond/ /floor-and-decor-katy/ /floor-and-decor-richmond/ /handyman-service-richmond/ /home2/ /house-painting-katy/ /house-painting-richmond/ /kitchen-remodeling-katy/,/ /about/ /blog/ /book/ /contact/ /our-work/ /pricing/ /privacy/ /reviews/ /service-areas/ /service-areas/cypress/ /service-areas/cypress/bridgeland-handyman/ /service-areas/cypress/towne-lake-handyman/ /service-areas/fulshear/ /service-areas/fulshear/cross-creek-ranch-handyman/ /service-areas/fulshear/jordan-ranch-handyman/ /service-areas/katy/ /service-areas/katy/cane-island-handyman/ /service-areas/katy/cinco-ranch-handyman/ /service-areas/katy/elyson-handyman/ /service-areas/katy/sunterra-handyman/ /service-areas/katy/tamarron-handyman/ /service-areas/richmond/ /service-areas/richmond/aliana-handyman/ /service-areas/richmond/harvest-green-handyman/ /service-areas/richmond/veranda-handyman/ /service-areas/west-houston/ /services/ /services/bathroom-remodeling/ /services/cabinet-installation/ /services/ceiling-fan-installation/ /services/curtain-installation/ /services/custom-carpentry/ /services/door-repair-installation/ /services/drywall-repair/ /services/electrical-services/ /services/flooring-and-decor/ /services/furniture-assembly/ /services/general-handyman-services/ /services/handyman-to-do-list/,BreadcrumbList | FAQPage | HomeAndConstructionBusiness | WebPage,True,Allow: / (site robots.txt),
https://www.eyshandyman.com/service-areas/katy/cane-island-handyman/,src/content/communities/cane-island-handyman.md + src/pages/service-areas/[city]/[community].astro,community,200,True,https://www.eyshandyman.com/service-areas/katy/cane-island-handyman/,Luxury Handyman & Carpentry in Cane Island | Elevate Your Space,"Elevate Your Space provides white-glove handyman services, custom carpentry, and premium home upgrades for Cane Island in Katy, TX. Request an estimate!",Luxury Handyman & Home Upgrades for Cane Island,Serving Cane Island homeowners || Projects we handle in Cane Island || Built for Cane Island homeowners || How it works || Handyman services in Cane Island || Frequently asked questions || Ready to elevate your Cane Island home?,754,handyman,Katy,handyman,77,48,/ /404/ /about/ /bathroom-remodeling-richmond/ /bathroom-remodeling-services-katy/ /blog/ /blog/hoa-patio-updates-bridgeland/ /blog/move-in-upgrades-sunterra/ /book/ /contact/ /custom-cabinets-katy/ /custom-cabinets-richmond/ /door-installation-richmond/ /door-installation-services-katy/ /drywall-repair-katy/ /drywall-repair-richmond/ /electricians-katy/ /electricians-richmond/ /floor-and-decor-katy/ /floor-and-decor-richmond/ /handyman-service-richmond/ /home2/ /house-painting-katy/ /house-painting-richmond/ /kitchen-remodeling-katy/,/ /about/ /blog/ /book/ /contact/ /our-work/ /pricing/ /privacy/ /reviews/ /service-areas/ /service-areas/cypress/ /service-areas/cypress/bridgeland-handyman/ /service-areas/cypress/towne-lake-handyman/ /service-areas/fulshear/ /service-areas/fulshear/cross-creek-ranch-handyman/ /service-areas/fulshear/jordan-ranch-handyman/ /service-areas/katy/ /service-areas/katy/cane-island-handyman/ /service-areas/katy/cinco-ranch-handyman/ /service-areas/katy/elyson-handyman/ /service-areas/katy/sunterra-handyman/ /service-areas/katy/tamarron-handyman/ /service-areas/richmond/ /service-areas/richmond/aliana-handyman/ /service-areas/richmond/harvest-green-handyman/ /service-areas/richmond/veranda-handyman/ /service-areas/west-houston/ /services/ /services/bathroom-remodeling/ /services/cabinet-installation/ /services/ceiling-fan-installation/ /services/curtain-installation/ /services/custom-carpentry/ /services/door-repair-installation/ /services/drywall-repair/ /services/electrical-services/ /services/flooring-and-decor/ /services/furniture-assembly/ /services/general-handyman-services/ /services/handyman-to-do-list/,BreadcrumbList | FAQPage | HomeAndConstructionBusiness | WebPage,True,Allow: / (site robots.txt),
https://www.eyshandyman.com/service-areas/katy/cinco-ranch-handyman/,src/content/communities/cinco-ranch-handyman.md + src/pages/service-areas/[city]/[community].astro,community,200,True,https://www.eyshandyman.com/service-areas/katy/cinco-ranch-handyman/,Premium Handyman Services in Cinco Ranch | Elevate Your Space,"Need a reliable handyman in Cinco Ranch? Elevate Your Space offers premium TV mounting, trim work, and home upgrades for Katy residents. Request an estimate!",Premium Handyman Services for Cinco Ranch Homeowners,Serving Cinco Ranch homeowners || Projects we handle in Cinco Ranch || Built for Cinco Ranch homeowners || How it works || Handyman services in Cinco Ranch || Frequently asked questions || Ready to elevate your Cinco Ranch home?,911,handyman,Katy,handyman,77,48,/ /404/ /about/ /bathroom-remodeling-richmond/ /bathroom-remodeling-services-katy/ /blog/ /blog/hoa-patio-updates-bridgeland/ /blog/move-in-upgrades-sunterra/ /book/ /contact/ /custom-cabinets-katy/ /custom-cabinets-richmond/ /door-installation-richmond/ /door-installation-services-katy/ /drywall-repair-katy/ /drywall-repair-richmond/ /electricians-katy/ /electricians-richmond/ /floor-and-decor-katy/ /floor-and-decor-richmond/ /handyman-service-richmond/ /home2/ /house-painting-katy/ /house-painting-richmond/ /kitchen-remodeling-katy/,/ /about/ /blog/ /book/ /contact/ /our-work/ /pricing/ /privacy/ /reviews/ /service-areas/ /service-areas/cypress/ /service-areas/cypress/bridgeland-handyman/ /service-areas/cypress/towne-lake-handyman/ /service-areas/fulshear/ /service-areas/fulshear/cross-creek-ranch-handyman/ /service-areas/fulshear/jordan-ranch-handyman/ /service-areas/katy/ /service-areas/katy/cane-island-handyman/ /service-areas/katy/cinco-ranch-handyman/ /service-areas/katy/elyson-handyman/ /service-areas/katy/sunterra-handyman/ /service-areas/katy/tamarron-handyman/ /service-areas/richmond/ /service-areas/richmond/aliana-handyman/ /service-areas/richmond/harvest-green-handyman/ /service-areas/richmond/veranda-handyman/ /service-areas/west-houston/ /services/ /services/bathroom-remodeling/ /services/cabinet-installation/ /services/ceiling-fan-installation/ /services/curtain-installation/ /services/custom-carpentry/ /services/door-repair-installation/ /services/drywall-repair/ /services/electrical-services/ /services/flooring-and-decor/ /services/furniture-assembly/ /services/general-handyman-services/ /services/handyman-to-do-list/,BreadcrumbList | FAQPage | HomeAndConstructionBusiness | WebPage,True,Allow: / (site robots.txt),
https://www.eyshandyman.com/service-areas/katy/elyson-handyman/,src/content/communities/elyson-handyman.md + src/pages/service-areas/[city]/[community].astro,community,200,True,https://www.eyshandyman.com/service-areas/katy/elyson-handyman/,"Expert Handyman Services in Elyson, Katy | Elevate Your Space","Need home upgrades in Elyson? Elevate Your Space provides premium carpentry, TV mounting, and garage storage for Elyson residents. Request an estimate!",Expert Handyman & Home Upgrade Services for Elyson,Serving Elyson homeowners || Projects we handle in Elyson || Built for Elyson homeowners || How it works || Handyman services in Elyson || Frequently asked questions || Ready to elevate your Elyson home?,778,handyman,Katy,handyman,77,48,/ /404/ /about/ /bathroom-remodeling-richmond/ /bathroom-remodeling-services-katy/ /blog/ /blog/hoa-patio-updates-bridgeland/ /blog/move-in-upgrades-sunterra/ /book/ /contact/ /custom-cabinets-katy/ /custom-cabinets-richmond/ /door-installation-richmond/ /door-installation-services-katy/ /drywall-repair-katy/ /drywall-repair-richmond/ /electricians-katy/ /electricians-richmond/ /floor-and-decor-katy/ /floor-and-decor-richmond/ /handyman-service-richmond/ /home2/ /house-painting-katy/ /house-painting-richmond/ /kitchen-remodeling-katy/,/ /about/ /blog/ /book/ /contact/ /our-work/ /pricing/ /privacy/ /reviews/ /service-areas/ /service-areas/cypress/ /service-areas/cypress/bridgeland-handyman/ /service-areas/cypress/towne-lake-handyman/ /service-areas/fulshear/ /service-areas/fulshear/cross-creek-ranch-handyman/ /service-areas/fulshear/jordan-ranch-handyman/ /service-areas/katy/ /service-areas/katy/cane-island-handyman/ /service-areas/katy/cinco-ranch-handyman/ /service-areas/katy/elyson-handyman/ /service-areas/katy/sunterra-handyman/ /service-areas/katy/tamarron-handyman/ /service-areas/richmond/ /service-areas/richmond/aliana-handyman/ /service-areas/richmond/harvest-green-handyman/ /service-areas/richmond/veranda-handyman/ /service-areas/west-houston/ /services/ /services/bathroom-remodeling/ /services/cabinet-installation/ /services/ceiling-fan-installation/ /services/curtain-installation/ /services/custom-carpentry/ /services/door-repair-installation/ /services/drywall-repair/ /services/electrical-services/ /services/flooring-and-decor/ /services/furniture-assembly/ /services/general-handyman-services/ /services/handyman-to-do-list/,BreadcrumbList | FAQPage | HomeAndConstructionBusiness | WebPage,True,Allow: / (site robots.txt),
https://www.eyshandyman.com/service-areas/katy/sunterra-handyman/,src/content/communities/sunterra-handyman.md + src/pages/service-areas/[city]/[community].astro,community,200,True,https://www.eyshandyman.com/service-areas/katy/sunterra-handyman/,"Handyman for New Homes in Sunterra, Katy | Elevate Your Space","Moving into Sunterra? Elevate Your Space offers premium TV mounting, ceiling fan installation, and move-in upgrades for Katy",Premium Handyman & Move-In Services for Sunterra Homes,Serving Sunterra homeowners || Projects we handle in Sunterra || Built for Sunterra homeowners || How it works || Handyman services in Sunterra || Frequently asked questions || Ready to elevate your Sunterra home?,827,handyman,Katy,handyman,77,48,/ /404/ /about/ /bathroom-remodeling-richmond/ /bathroom-remodeling-services-katy/ /blog/ /blog/hoa-patio-updates-bridgeland/ /blog/move-in-upgrades-sunterra/ /book/ /contact/ /custom-cabinets-katy/ /custom-cabinets-richmond/ /door-installation-richmond/ /door-installation-services-katy/ /drywall-repair-katy/ /drywall-repair-richmond/ /electricians-katy/ /electricians-richmond/ /floor-and-decor-katy/ /floor-and-decor-richmond/ /handyman-service-richmond/ /home2/ /house-painting-katy/ /house-painting-richmond/ /kitchen-remodeling-katy/,/ /about/ /blog/ /book/ /contact/ /our-work/ /pricing/ /privacy/ /reviews/ /service-areas/ /service-areas/cypress/ /service-areas/cypress/bridgeland-handyman/ /service-areas/cypress/towne-lake-handyman/ /service-areas/fulshear/ /service-areas/fulshear/cross-creek-ranch-handyman/ /service-areas/fulshear/jordan-ranch-handyman/ /service-areas/katy/ /service-areas/katy/cane-island-handyman/ /service-areas/katy/cinco-ranch-handyman/ /service-areas/katy/elyson-handyman/ /service-areas/katy/sunterra-handyman/ /service-areas/katy/tamarron-handyman/ /service-areas/richmond/ /service-areas/richmond/aliana-handyman/ /service-areas/richmond/harvest-green-handyman/ /service-areas/richmond/veranda-handyman/ /service-areas/west-houston/ /services/ /services/bathroom-remodeling/ /services/cabinet-installation/ /services/ceiling-fan-installation/ /services/curtain-installation/ /services/custom-carpentry/ /services/door-repair-installation/ /services/drywall-repair/ /services/electrical-services/ /services/flooring-and-decor/ /services/furniture-assembly/ /services/general-handyman-services/ /services/handyman-to-do-list/,BreadcrumbList | FAQPage | HomeAndConstructionBusiness | WebPage,True,Allow: / (site robots.txt),
https://www.eyshandyman.com/service-areas/katy/tamarron-handyman/,src/content/communities/tamarron-handyman.md + src/pages/service-areas/[city]/[community].astro,community,200,True,https://www.eyshandyman.com/service-areas/katy/tamarron-handyman/,Handyman & New Home Upgrades in Tamarron | EYS,"TV mounting, ceiling fans, and move-in upgrades for Tamarron residents in Katy and Fulshear. Request an estimate from Elevate Your Space.",Premium Handyman & Move-In Upgrades for Tamarron,Serving Tamarron homeowners || Projects we handle in Tamarron || Built for Tamarron homeowners || How it works || Handyman services in Tamarron || Frequently asked questions || Ready to elevate your Tamarron home?,717,handyman,Katy,handyman,77,48,/ /404/ /about/ /bathroom-remodeling-richmond/ /bathroom-remodeling-services-katy/ /blog/ /blog/hoa-patio-updates-bridgeland/ /blog/move-in-upgrades-sunterra/ /book/ /contact/ /custom-cabinets-katy/ /custom-cabinets-richmond/ /door-installation-richmond/ /door-installation-services-katy/ /drywall-repair-katy/ /drywall-repair-richmond/ /electricians-katy/ /electricians-richmond/ /floor-and-decor-katy/ /floor-and-decor-richmond/ /handyman-service-richmond/ /home2/ /house-painting-katy/ /house-painting-richmond/ /kitchen-remodeling-katy/,/ /about/ /blog/ /book/ /contact/ /our-work/ /pricing/ /privacy/ /reviews/ /service-areas/ /service-areas/cypress/ /service-areas/cypress/bridgeland-handyman/ /service-areas/cypress/towne-lake-handyman/ /service-areas/fulshear/ /service-areas/fulshear/cross-creek-ranch-handyman/ /service-areas/fulshear/jordan-ranch-handyman/ /service-areas/katy/ /service-areas/katy/cane-island-handyman/ /service-areas/katy/cinco-ranch-handyman/ /service-areas/katy/elyson-handyman/ /service-areas/katy/sunterra-handyman/ /service-areas/katy/tamarron-handyman/ /service-areas/richmond/ /service-areas/richmond/aliana-handyman/ /service-areas/richmond/harvest-green-handyman/ /service-areas/richmond/veranda-handyman/ /service-areas/west-houston/ /services/ /services/bathroom-remodeling/ /services/cabinet-installation/ /services/ceiling-fan-installation/ /services/curtain-installation/ /services/custom-carpentry/ /services/door-repair-installation/ /services/drywall-repair/ /services/electrical-services/ /services/flooring-and-decor/ /services/furniture-assembly/ /services/general-handyman-services/ /services/handyman-to-do-list/,BreadcrumbList | FAQPage | HomeAndConstructionBusiness | WebPage,True,Allow: / (site robots.txt),
https://www.eyshandyman.com/service-areas/richmond/,src/content/service-areas/richmond.md + src/pages/service-areas/[city]/index.astro,city,200,True,https://www.eyshandyman.com/service-areas/richmond/,Handyman Richmond TX | Fort Bend Home Upgrades,"Free estimates. Handyman in Richmond, TX for historic homes and new Fort Bend communities — repairs, modernizations, and carpentry in Pecan Grove and Aliana.","Handyman Services in Richmond, TX","Handyman services across Richmond, TX || Neighborhoods we serve in Richmond, TX || Handyman services in Richmond, TX || Handyman & home upgrades in Richmond, Fort Bend County || Frequently asked questions || Ready to elevate your Richmond, TX home?",605,handyman,Richmond,handyman,77,48,/ /404/ /about/ /bathroom-remodeling-richmond/ /bathroom-remodeling-services-katy/ /blog/ /blog/hoa-patio-updates-bridgeland/ /blog/move-in-upgrades-sunterra/ /book/ /contact/ /custom-cabinets-katy/ /custom-cabinets-richmond/ /door-installation-richmond/ /door-installation-services-katy/ /drywall-repair-katy/ /drywall-repair-richmond/ /electricians-katy/ /electricians-richmond/ /floor-and-decor-katy/ /floor-and-decor-richmond/ /handyman-service-richmond/ /home2/ /house-painting-katy/ /house-painting-richmond/ /kitchen-remodeling-katy/,/ /about/ /blog/ /book/ /contact/ /our-work/ /pricing/ /privacy/ /reviews/ /service-areas/ /service-areas/cypress/ /service-areas/cypress/bridgeland-handyman/ /service-areas/cypress/towne-lake-handyman/ /service-areas/fulshear/ /service-areas/fulshear/cross-creek-ranch-handyman/ /service-areas/fulshear/jordan-ranch-handyman/ /service-areas/katy/ /service-areas/katy/cane-island-handyman/ /service-areas/katy/cinco-ranch-handyman/ /service-areas/katy/elyson-handyman/ /service-areas/katy/sunterra-handyman/ /service-areas/katy/tamarron-handyman/ /service-areas/richmond/ /service-areas/richmond/aliana-handyman/ /service-areas/richmond/harvest-green-handyman/ /service-areas/richmond/veranda-handyman/ /service-areas/west-houston/ /services/ /services/bathroom-remodeling/ /services/cabinet-installation/ /services/ceiling-fan-installation/ /services/curtain-installation/ /services/custom-carpentry/ /services/door-repair-installation/ /services/drywall-repair/ /services/electrical-services/ /services/flooring-and-decor/ /services/furniture-assembly/ /services/general-handyman-services/ /services/handyman-to-do-list/,BreadcrumbList | FAQPage | HomeAndConstructionBusiness | WebPage,True,Allow: / (site robots.txt),
https://www.eyshandyman.com/service-areas/richmond/aliana-handyman/,src/content/communities/aliana-handyman.md + src/pages/service-areas/[city]/[community].astro,community,200,True,https://www.eyshandyman.com/service-areas/richmond/aliana-handyman/,"Expert Handyman Services in Aliana, Richmond | EYS","Elevate Your Space provides premium handyman services, TV mounting, and home upgrades for Aliana residents in Richmond, TX. Request an estimate!",Premium Handyman Services for Aliana Homeowners,Serving Aliana homeowners || Projects we handle in Aliana || Built for Aliana homeowners || How it works || Handyman services in Aliana || Frequently asked questions || Ready to elevate your Aliana home?,720,handyman,Richmond,handyman,77,48,/ /404/ /about/ /bathroom-remodeling-richmond/ /bathroom-remodeling-services-katy/ /blog/ /blog/hoa-patio-updates-bridgeland/ /blog/move-in-upgrades-sunterra/ /book/ /contact/ /custom-cabinets-katy/ /custom-cabinets-richmond/ /door-installation-richmond/ /door-installation-services-katy/ /drywall-repair-katy/ /drywall-repair-richmond/ /electricians-katy/ /electricians-richmond/ /floor-and-decor-katy/ /floor-and-decor-richmond/ /handyman-service-richmond/ /home2/ /house-painting-katy/ /house-painting-richmond/ /kitchen-remodeling-katy/,/ /about/ /blog/ /book/ /contact/ /our-work/ /pricing/ /privacy/ /reviews/ /service-areas/ /service-areas/cypress/ /service-areas/cypress/bridgeland-handyman/ /service-areas/cypress/towne-lake-handyman/ /service-areas/fulshear/ /service-areas/fulshear/cross-creek-ranch-handyman/ /service-areas/fulshear/jordan-ranch-handyman/ /service-areas/katy/ /service-areas/katy/cane-island-handyman/ /service-areas/katy/cinco-ranch-handyman/ /service-areas/katy/elyson-handyman/ /service-areas/katy/sunterra-handyman/ /service-areas/katy/tamarron-handyman/ /service-areas/richmond/ /service-areas/richmond/aliana-handyman/ /service-areas/richmond/harvest-green-handyman/ /service-areas/richmond/veranda-handyman/ /service-areas/west-houston/ /services/ /services/bathroom-remodeling/ /services/cabinet-installation/ /services/ceiling-fan-installation/ /services/curtain-installation/ /services/custom-carpentry/ /services/door-repair-installation/ /services/drywall-repair/ /services/electrical-services/ /services/flooring-and-decor/ /services/furniture-assembly/ /services/general-handyman-services/ /services/handyman-to-do-list/,BreadcrumbList | FAQPage | HomeAndConstructionBusiness | WebPage,True,Allow: / (site robots.txt),
https://www.eyshandyman.com/service-areas/richmond/harvest-green-handyman/,src/content/communities/harvest-green-handyman.md + src/pages/service-areas/[city]/[community].astro,community,200,True,https://www.eyshandyman.com/service-areas/richmond/harvest-green-handyman/,Handyman & Carpentry in Harvest Green | Elevate Your Space,"Elevate Your Space offers premium handyman services, custom carpentry, and garage storage for Harvest Green in Richmond, TX. Request an estimate!",Premium Handyman & Home Upgrades for Harvest Green,Serving Harvest Green homeowners || Projects we handle in Harvest Green || Built for Harvest Green homeowners || How it works || Handyman services in Harvest Green || Frequently asked questions || Ready to elevate your Harvest Green home?,712,handyman,Richmond,handyman,77,48,/ /404/ /about/ /bathroom-remodeling-richmond/ /bathroom-remodeling-services-katy/ /blog/ /blog/hoa-patio-updates-bridgeland/ /blog/move-in-upgrades-sunterra/ /book/ /contact/ /custom-cabinets-katy/ /custom-cabinets-richmond/ /door-installation-richmond/ /door-installation-services-katy/ /drywall-repair-katy/ /drywall-repair-richmond/ /electricians-katy/ /electricians-richmond/ /floor-and-decor-katy/ /floor-and-decor-richmond/ /handyman-service-richmond/ /home2/ /house-painting-katy/ /house-painting-richmond/ /kitchen-remodeling-katy/,/ /about/ /blog/ /book/ /contact/ /our-work/ /pricing/ /privacy/ /reviews/ /service-areas/ /service-areas/cypress/ /service-areas/cypress/bridgeland-handyman/ /service-areas/cypress/towne-lake-handyman/ /service-areas/fulshear/ /service-areas/fulshear/cross-creek-ranch-handyman/ /service-areas/fulshear/jordan-ranch-handyman/ /service-areas/katy/ /service-areas/katy/cane-island-handyman/ /service-areas/katy/cinco-ranch-handyman/ /service-areas/katy/elyson-handyman/ /service-areas/katy/sunterra-handyman/ /service-areas/katy/tamarron-handyman/ /service-areas/richmond/ /service-areas/richmond/aliana-handyman/ /service-areas/richmond/harvest-green-handyman/ /service-areas/richmond/veranda-handyman/ /service-areas/west-houston/ /services/ /services/bathroom-remodeling/ /services/cabinet-installation/ /services/ceiling-fan-installation/ /services/curtain-installation/ /services/custom-carpentry/ /services/door-repair-installation/ /services/drywall-repair/ /services/electrical-services/ /services/flooring-and-decor/ /services/furniture-assembly/ /services/general-handyman-services/ /services/handyman-to-do-list/,BreadcrumbList | FAQPage | HomeAndConstructionBusiness | WebPage,True,Allow: / (site robots.txt),
https://www.eyshandyman.com/service-areas/richmond/veranda-handyman/,src/content/communities/veranda-handyman.md + src/pages/service-areas/[city]/[community].astro,community,200,True,https://www.eyshandyman.com/service-areas/richmond/veranda-handyman/,Handyman & Home Upgrades in Veranda | Elevate Your Space,"Elevate Your Space offers premium handyman services, patio upgrades, and custom carpentry for Veranda residents in Richmond, TX. Request an estimate!",Premium Handyman & Home Upgrades for Veranda,Serving Veranda homeowners || Projects we handle in Veranda || Built for Veranda homeowners || How it works || Handyman services in Veranda || Frequently asked questions || Ready to elevate your Veranda home?,704,handyman,Richmond,handyman,77,48,/ /404/ /about/ /bathroom-remodeling-richmond/ /bathroom-remodeling-services-katy/ /blog/ /blog/hoa-patio-updates-bridgeland/ /blog/move-in-upgrades-sunterra/ /book/ /contact/ /custom-cabinets-katy/ /custom-cabinets-richmond/ /door-installation-richmond/ /door-installation-services-katy/ /drywall-repair-katy/ /drywall-repair-richmond/ /electricians-katy/ /electricians-richmond/ /floor-and-decor-katy/ /floor-and-decor-richmond/ /handyman-service-richmond/ /home2/ /house-painting-katy/ /house-painting-richmond/ /kitchen-remodeling-katy/,/ /about/ /blog/ /book/ /contact/ /our-work/ /pricing/ /privacy/ /reviews/ /service-areas/ /service-areas/cypress/ /service-areas/cypress/bridgeland-handyman/ /service-areas/cypress/towne-lake-handyman/ /service-areas/fulshear/ /service-areas/fulshear/cross-creek-ranch-handyman/ /service-areas/fulshear/jordan-ranch-handyman/ /service-areas/katy/ /service-areas/katy/cane-island-handyman/ /service-areas/katy/cinco-ranch-handyman/ /service-areas/katy/elyson-handyman/ /service-areas/katy/sunterra-handyman/ /service-areas/katy/tamarron-handyman/ /service-areas/richmond/ /service-areas/richmond/aliana-handyman/ /service-areas/richmond/harvest-green-handyman/ /service-areas/richmond/veranda-handyman/ /service-areas/west-houston/ /services/ /services/bathroom-remodeling/ /services/cabinet-installation/ /services/ceiling-fan-installation/ /services/curtain-installation/ /services/custom-carpentry/ /services/door-repair-installation/ /services/drywall-repair/ /services/electrical-services/ /services/flooring-and-decor/ /services/furniture-assembly/ /services/general-handyman-services/ /services/handyman-to-do-list/,BreadcrumbList | FAQPage | HomeAndConstructionBusiness | WebPage,True,Allow: / (site robots.txt),
https://www.eyshandyman.com/service-areas/west-houston/,src/content/service-areas/west-houston.md + src/pages/service-areas/[city]/index.astro,city,200,True,https://www.eyshandyman.com/service-areas/west-houston/,West Houston Handyman | Energy Corridor Home Improvements,West Houston and Energy Corridor handyman — reliable repairs and high-end finishing for professionals who need quality work done right.,"Handyman Services in West Houston, TX","Handyman services across West Houston, TX || Handyman services in West Houston, TX || West Houston & Energy Corridor home improvements || Frequently asked questions || Ready to elevate your West Houston, TX home?",540,handyman,West Houston,handyman,77,48,/ /404/ /about/ /bathroom-remodeling-richmond/ /bathroom-remodeling-services-katy/ /blog/ /blog/hoa-patio-updates-bridgeland/ /blog/move-in-upgrades-sunterra/ /book/ /contact/ /custom-cabinets-katy/ /custom-cabinets-richmond/ /door-installation-richmond/ /door-installation-services-katy/ /drywall-repair-katy/ /drywall-repair-richmond/ /electricians-katy/ /electricians-richmond/ /floor-and-decor-katy/ /floor-and-decor-richmond/ /handyman-service-richmond/ /home2/ /house-painting-katy/ /house-painting-richmond/ /kitchen-remodeling-katy/,/ /about/ /blog/ /book/ /contact/ /our-work/ /pricing/ /privacy/ /reviews/ /service-areas/ /service-areas/cypress/ /service-areas/cypress/bridgeland-handyman/ /service-areas/cypress/towne-lake-handyman/ /service-areas/fulshear/ /service-areas/fulshear/cross-creek-ranch-handyman/ /service-areas/fulshear/jordan-ranch-handyman/ /service-areas/katy/ /service-areas/katy/cane-island-handyman/ /service-areas/katy/cinco-ranch-handyman/ /service-areas/katy/elyson-handyman/ /service-areas/katy/sunterra-handyman/ /service-areas/katy/tamarron-handyman/ /service-areas/richmond/ /service-areas/richmond/aliana-handyman/ /service-areas/richmond/harvest-green-handyman/ /service-areas/richmond/veranda-handyman/ /service-areas/west-houston/ /services/ /services/bathroom-remodeling/ /services/cabinet-installation/ /services/ceiling-fan-installation/ /services/curtain-installation/ /services/custom-carpentry/ /services/door-repair-installation/ /services/drywall-repair/ /services/electrical-services/ /services/flooring-and-decor/ /services/furniture-assembly/ /services/general-handyman-services/ /services/handyman-to-do-list/,BreadcrumbList | FAQPage | HomeAndConstructionBusiness | WebPage,True,Allow: / (site robots.txt),
https://www.eyshandyman.com/services/,src/pages/services/index.astro,services-index,200,True,https://www.eyshandyman.com/services/,Handyman Services | Elevate Your Space Handyman,"Handyman services in Katy and West Houston — To-Do List Visits, repairs, installation, remodeling, TV mounting, electrical, drywall, and painting.",Our Services,Browse by category || All services || Ready to elevate your Katy & West Houston home?,438,handyman,Katy,handyman,77,48,/ /404/ /about/ /bathroom-remodeling-richmond/ /bathroom-remodeling-services-katy/ /blog/ /blog/hoa-patio-updates-bridgeland/ /blog/move-in-upgrades-sunterra/ /book/ /contact/ /custom-cabinets-katy/ /custom-cabinets-richmond/ /door-installation-richmond/ /door-installation-services-katy/ /drywall-repair-katy/ /drywall-repair-richmond/ /electricians-katy/ /electricians-richmond/ /floor-and-decor-katy/ /floor-and-decor-richmond/ /handyman-service-richmond/ /home2/ /house-painting-katy/ /house-painting-richmond/ /kitchen-remodeling-katy/,/ /about/ /blog/ /book/ /contact/ /our-work/ /pricing/ /privacy/ /reviews/ /service-areas/ /service-areas/cypress/ /service-areas/cypress/bridgeland-handyman/ /service-areas/cypress/towne-lake-handyman/ /service-areas/fulshear/ /service-areas/fulshear/cross-creek-ranch-handyman/ /service-areas/fulshear/jordan-ranch-handyman/ /service-areas/katy/ /service-areas/katy/cane-island-handyman/ /service-areas/katy/cinco-ranch-handyman/ /service-areas/katy/elyson-handyman/ /service-areas/katy/sunterra-handyman/ /service-areas/katy/tamarron-handyman/ /service-areas/richmond/ /service-areas/richmond/aliana-handyman/ /service-areas/richmond/harvest-green-handyman/ /service-areas/richmond/veranda-handyman/ /service-areas/west-houston/ /services/ /services/bathroom-remodeling/ /services/cabinet-installation/ /services/ceiling-fan-installation/ /services/curtain-installation/ /services/custom-carpentry/ /services/door-repair-installation/ /services/drywall-repair/ /services/electrical-services/ /services/flooring-and-decor/ /services/furniture-assembly/ /services/general-handyman-services/ /services/handyman-to-do-list/,BreadcrumbList | WebPage,True,Allow: / (site robots.txt),
https://www.eyshandyman.com/services/bathroom-remodeling/,src/content/services/bathroom-remodeling.md + src/pages/services/[slug].astro,service,200,True,https://www.eyshandyman.com/services/bathroom-remodeling/,Bathroom Remodeling in Katy & West Houston | Elevate Your Space,"Bathroom remodeling and upgrades in Katy and West Houston. Layout improvements, fixtures, storage, and clean finished results.",Bathroom Remodeling & Upgrades,What We Do || What affects price || Our Process || Who this service is for || What bathroom upgrades typically include || Local examples across Katy and West Houston || Related services and next steps || Ready for a free estimate? || Communities we serve || Frequently Asked Questions || Ready to elevate your Katy & West Houston home?,775,remodeling,Katy,remodeling,77,50,/ /404/ /about/ /bathroom-remodeling-richmond/ /bathroom-remodeling-services-katy/ /blog/ /blog/hoa-patio-updates-bridgeland/ /blog/move-in-upgrades-sunterra/ /book/ /contact/ /custom-cabinets-katy/ /custom-cabinets-richmond/ /door-installation-richmond/ /door-installation-services-katy/ /drywall-repair-katy/ /drywall-repair-richmond/ /electricians-katy/ /electricians-richmond/ /floor-and-decor-katy/ /floor-and-decor-richmond/ /handyman-service-richmond/ /home2/ /house-painting-katy/ /house-painting-richmond/ /kitchen-remodeling-katy/,/ /about/ /bathroom-remodeling-richmond/ /bathroom-remodeling-services-katy/ /blog/ /book/ /contact/ /our-work/ /pricing/ /privacy/ /reviews/ /service-areas/ /service-areas/cypress/ /service-areas/cypress/bridgeland-handyman/ /service-areas/cypress/towne-lake-handyman/ /service-areas/fulshear/ /service-areas/fulshear/cross-creek-ranch-handyman/ /service-areas/fulshear/jordan-ranch-handyman/ /service-areas/katy/ /service-areas/katy/cane-island-handyman/ /service-areas/katy/cinco-ranch-handyman/ /service-areas/katy/elyson-handyman/ /service-areas/katy/sunterra-handyman/ /service-areas/katy/tamarron-handyman/ /service-areas/richmond/ /service-areas/richmond/aliana-handyman/ /service-areas/richmond/harvest-green-handyman/ /service-areas/richmond/veranda-handyman/ /service-areas/west-houston/ /services/ /services/bathroom-remodeling/ /services/cabinet-installation/ /services/ceiling-fan-installation/ /services/curtain-installation/ /services/custom-carpentry/ /services/door-repair-installation/ /services/drywall-repair/ /services/electrical-services/ /services/flooring-and-decor/ /services/furniture-assembly/,BreadcrumbList | FAQPage | Service | WebPage,True,Allow: / (site robots.txt),
https://www.eyshandyman.com/services/cabinet-installation/,src/content/services/cabinet-installation.md + src/pages/services/[slug].astro,service,200,True,https://www.eyshandyman.com/services/cabinet-installation/,Cabinet Installation in Katy & West Houston | Elevate Your Space,"Cabinet installation in Katy and West Houston. Vanities, shelving, built-ins, and store-bought cabinetry installed level and secure.",Cabinet Installation in Katy & West Houston,What We Do || What affects price || Our Process || Who this is for || What we focus on during install || Local examples || See our work and related services || Ready for a free estimate? || Communities we serve || Frequently Asked Questions || Ready to elevate your Katy & West Houston home?,784,carpentry-install,Katy,carpentry-install,77,49,/ /404/ /about/ /bathroom-remodeling-richmond/ /bathroom-remodeling-services-katy/ /blog/ /blog/hoa-patio-updates-bridgeland/ /blog/move-in-upgrades-sunterra/ /book/ /contact/ /custom-cabinets-katy/ /custom-cabinets-richmond/ /door-installation-richmond/ /door-installation-services-katy/ /drywall-repair-katy/ /drywall-repair-richmond/ /electricians-katy/ /electricians-richmond/ /floor-and-decor-katy/ /floor-and-decor-richmond/ /handyman-service-richmond/ /home2/ /house-painting-katy/ /house-painting-richmond/ /kitchen-remodeling-katy/,/ /about/ /blog/ /book/ /contact/ /our-work/ /our-work/sage-kitchen-remodel/ /pricing/ /privacy/ /reviews/ /service-areas/ /service-areas/cypress/ /service-areas/cypress/bridgeland-handyman/ /service-areas/cypress/towne-lake-handyman/ /service-areas/fulshear/ /service-areas/fulshear/cross-creek-ranch-handyman/ /service-areas/fulshear/jordan-ranch-handyman/ /service-areas/katy/ /service-areas/katy/cane-island-handyman/ /service-areas/katy/cinco-ranch-handyman/ /service-areas/katy/elyson-handyman/ /service-areas/katy/sunterra-handyman/ /service-areas/katy/tamarron-handyman/ /service-areas/richmond/ /service-areas/richmond/aliana-handyman/ /service-areas/richmond/harvest-green-handyman/ /service-areas/richmond/veranda-handyman/ /service-areas/west-houston/ /services/ /services/bathroom-remodeling/ /services/cabinet-installation/ /services/ceiling-fan-installation/ /services/curtain-installation/ /services/custom-carpentry/ /services/door-repair-installation/ /services/drywall-repair/ /services/electrical-services/ /services/flooring-and-decor/ /services/furniture-assembly/ /services/general-handyman-services/,BreadcrumbList | FAQPage | Service | WebPage,True,Allow: / (site robots.txt),
https://www.eyshandyman.com/services/ceiling-fan-installation/,src/content/services/ceiling-fan-installation.md + src/pages/services/[slug].astro,service,200,True,https://www.eyshandyman.com/services/ceiling-fan-installation/,Ceiling Fan Installation | Katy & West Houston | EYS,"Ceiling fan installation in Katy and West Houston. Pre-wired rooms, patio fans, and fixture swaps done safely and cleanly.",Ceiling Fan Installation in Katy & West Houston,What We Do || What affects price || Our Process || Who this is for || What a proper fan install includes || Local context across our service areas || Free estimate and related links || Ready for a free estimate? || Communities we serve || Frequently Asked Questions || Ready to elevate your Katy & West Houston home?,821,ceiling-fan,Katy,ceiling-fan,77,48,/ /404/ /about/ /bathroom-remodeling-richmond/ /bathroom-remodeling-services-katy/ /blog/ /blog/hoa-patio-updates-bridgeland/ /blog/move-in-upgrades-sunterra/ /book/ /contact/ /custom-cabinets-katy/ /custom-cabinets-richmond/ /door-installation-richmond/ /door-installation-services-katy/ /drywall-repair-katy/ /drywall-repair-richmond/ /electricians-katy/ /electricians-richmond/ /floor-and-decor-katy/ /floor-and-decor-richmond/ /handyman-service-richmond/ /home2/ /house-painting-katy/ /house-painting-richmond/ /kitchen-remodeling-katy/,/ /about/ /blog/ /book/ /contact/ /our-work/ /pricing/ /privacy/ /reviews/ /service-areas/ /service-areas/cypress/ /service-areas/cypress/bridgeland-handyman/ /service-areas/cypress/towne-lake-handyman/ /service-areas/fulshear/ /service-areas/fulshear/cross-creek-ranch-handyman/ /service-areas/fulshear/jordan-ranch-handyman/ /service-areas/katy/ /service-areas/katy/cane-island-handyman/ /service-areas/katy/cinco-ranch-handyman/ /service-areas/katy/elyson-handyman/ /service-areas/katy/sunterra-handyman/ /service-areas/katy/tamarron-handyman/ /service-areas/richmond/ /service-areas/richmond/aliana-handyman/ /service-areas/richmond/harvest-green-handyman/ /service-areas/richmond/veranda-handyman/ /service-areas/west-houston/ /services/ /services/bathroom-remodeling/ /services/cabinet-installation/ /services/ceiling-fan-installation/ /services/curtain-installation/ /services/custom-carpentry/ /services/door-repair-installation/ /services/drywall-repair/ /services/electrical-services/ /services/flooring-and-decor/ /services/furniture-assembly/ /services/general-handyman-services/ /services/handyman-to-do-list/,BreadcrumbList | FAQPage | Service | WebPage,True,Allow: / (site robots.txt),
https://www.eyshandyman.com/services/curtain-installation/,src/content/services/curtain-installation.md + src/pages/services/[slug].astro,service,200,True,https://www.eyshandyman.com/services/curtain-installation/,Curtain Rod Installation | Katy & West Houston | EYS,"Curtain rod, drapery hardware, and window treatment mounting in Katy and West Houston — precise placement and secure mounting.",Curtain & Drapery Installation,What We Do || What affects price || Our Process || Who this is for || What we install and how we work || Local context || Free estimate and related services || Ready for a free estimate? || Communities we serve || Frequently Asked Questions || Ready to elevate your Katy & West Houston home?,844,carpentry-install,Katy,carpentry-install,77,49,/ /404/ /about/ /bathroom-remodeling-richmond/ /bathroom-remodeling-services-katy/ /blog/ /blog/hoa-patio-updates-bridgeland/ /blog/move-in-upgrades-sunterra/ /book/ /contact/ /custom-cabinets-katy/ /custom-cabinets-richmond/ /door-installation-richmond/ /door-installation-services-katy/ /drywall-repair-katy/ /drywall-repair-richmond/ /electricians-katy/ /electricians-richmond/ /floor-and-decor-katy/ /floor-and-decor-richmond/ /handyman-service-richmond/ /home2/ /house-painting-katy/ /house-painting-richmond/ /kitchen-remodeling-katy/,/ /about/ /blog/ /book/ /contact/ /our-work/ /our-work/double-height-curtains/ /pricing/ /privacy/ /reviews/ /service-areas/ /service-areas/cypress/ /service-areas/cypress/bridgeland-handyman/ /service-areas/cypress/towne-lake-handyman/ /service-areas/fulshear/ /service-areas/fulshear/cross-creek-ranch-handyman/ /service-areas/fulshear/jordan-ranch-handyman/ /service-areas/katy/ /service-areas/katy/cane-island-handyman/ /service-areas/katy/cinco-ranch-handyman/ /service-areas/katy/elyson-handyman/ /service-areas/katy/sunterra-handyman/ /service-areas/katy/tamarron-handyman/ /service-areas/richmond/ /service-areas/richmond/aliana-handyman/ /service-areas/richmond/harvest-green-handyman/ /service-areas/richmond/veranda-handyman/ /service-areas/west-houston/ /services/ /services/bathroom-remodeling/ /services/cabinet-installation/ /services/ceiling-fan-installation/ /services/curtain-installation/ /services/custom-carpentry/ /services/door-repair-installation/ /services/drywall-repair/ /services/electrical-services/ /services/flooring-and-decor/ /services/furniture-assembly/ /services/general-handyman-services/,BreadcrumbList | FAQPage | Service | WebPage,True,Allow: / (site robots.txt),
https://www.eyshandyman.com/services/custom-carpentry/,src/content/services/custom-carpentry.md + src/pages/services/[slug].astro,service,200,True,https://www.eyshandyman.com/services/custom-carpentry/,Custom Carpentry in Katy & West Houston | Elevate Your Space,"Custom carpentry in Katy and West Houston. Built-ins, accent walls, shelving, trim upgrades, and detail woodwork.",Custom Carpentry & Finish Woodwork,What We Do || What affects price || Our Process || Who this is for || What we build and install || Local examples || See our work || Ready for a free estimate? || Communities we serve || Frequently Asked Questions || Ready to elevate your Katy & West Houston home?,777,carpentry-install,Katy,carpentry-install,77,50,/ /404/ /about/ /bathroom-remodeling-richmond/ /bathroom-remodeling-services-katy/ /blog/ /blog/hoa-patio-updates-bridgeland/ /blog/move-in-upgrades-sunterra/ /book/ /contact/ /custom-cabinets-katy/ /custom-cabinets-richmond/ /door-installation-richmond/ /door-installation-services-katy/ /drywall-repair-katy/ /drywall-repair-richmond/ /electricians-katy/ /electricians-richmond/ /floor-and-decor-katy/ /floor-and-decor-richmond/ /handyman-service-richmond/ /home2/ /house-painting-katy/ /house-painting-richmond/ /kitchen-remodeling-katy/,/ /about/ /blog/ /book/ /contact/ /our-work/ /our-work/curved-stair-paneling/ /our-work/navy-office-builtins/ /pricing/ /privacy/ /reviews/ /service-areas/ /service-areas/cypress/ /service-areas/cypress/bridgeland-handyman/ /service-areas/cypress/towne-lake-handyman/ /service-areas/fulshear/ /service-areas/fulshear/cross-creek-ranch-handyman/ /service-areas/fulshear/jordan-ranch-handyman/ /service-areas/katy/ /service-areas/katy/cane-island-handyman/ /service-areas/katy/cinco-ranch-handyman/ /service-areas/katy/elyson-handyman/ /service-areas/katy/sunterra-handyman/ /service-areas/katy/tamarron-handyman/ /service-areas/richmond/ /service-areas/richmond/aliana-handyman/ /service-areas/richmond/harvest-green-handyman/ /service-areas/richmond/veranda-handyman/ /service-areas/west-houston/ /services/ /services/bathroom-remodeling/ /services/cabinet-installation/ /services/ceiling-fan-installation/ /services/curtain-installation/ /services/custom-carpentry/ /services/door-repair-installation/ /services/drywall-repair/ /services/electrical-services/ /services/flooring-and-decor/ /services/furniture-assembly/,BreadcrumbList | FAQPage | Service | WebPage,True,Allow: / (site robots.txt),
https://www.eyshandyman.com/services/door-repair-installation/,src/content/services/door-repair-installation.md + src/pages/services/[slug].astro,service,200,True,https://www.eyshandyman.com/services/door-repair-installation/,Door Repair & Installation | Katy & West Houston | EYS,"Door repair and installation in Katy and West Houston. Interior doors, hardware, alignment, and pre-hung door swaps.",Door Repair & Installation,What We Do || What affects price || Our Process || Who calls us for doors || What we handle || Local examples || Free estimate and related pages || Ready for a free estimate? || Communities we serve || Frequently Asked Questions || Ready to elevate your Katy & West Houston home?,756,carpentry-install,Katy,carpentry-install,77,48,/ /404/ /about/ /bathroom-remodeling-richmond/ /bathroom-remodeling-services-katy/ /blog/ /blog/hoa-patio-updates-bridgeland/ /blog/move-in-upgrades-sunterra/ /book/ /contact/ /custom-cabinets-katy/ /custom-cabinets-richmond/ /door-installation-richmond/ /door-installation-services-katy/ /drywall-repair-katy/ /drywall-repair-richmond/ /electricians-katy/ /electricians-richmond/ /floor-and-decor-katy/ /floor-and-decor-richmond/ /handyman-service-richmond/ /home2/ /house-painting-katy/ /house-painting-richmond/ /kitchen-remodeling-katy/,/ /about/ /blog/ /book/ /contact/ /our-work/ /pricing/ /privacy/ /reviews/ /service-areas/ /service-areas/cypress/ /service-areas/cypress/bridgeland-handyman/ /service-areas/cypress/towne-lake-handyman/ /service-areas/fulshear/ /service-areas/fulshear/cross-creek-ranch-handyman/ /service-areas/fulshear/jordan-ranch-handyman/ /service-areas/katy/ /service-areas/katy/cane-island-handyman/ /service-areas/katy/cinco-ranch-handyman/ /service-areas/katy/elyson-handyman/ /service-areas/katy/sunterra-handyman/ /service-areas/katy/tamarron-handyman/ /service-areas/richmond/ /service-areas/richmond/aliana-handyman/ /service-areas/richmond/harvest-green-handyman/ /service-areas/richmond/veranda-handyman/ /service-areas/west-houston/ /services/ /services/bathroom-remodeling/ /services/cabinet-installation/ /services/ceiling-fan-installation/ /services/curtain-installation/ /services/custom-carpentry/ /services/door-repair-installation/ /services/drywall-repair/ /services/electrical-services/ /services/flooring-and-decor/ /services/furniture-assembly/ /services/general-handyman-services/ /services/handyman-to-do-list/,BreadcrumbList | FAQPage | Service | WebPage,True,Allow: / (site robots.txt),
https://www.eyshandyman.com/services/drywall-repair/,src/content/services/drywall-repair.md + src/pages/services/[slug].astro,service,200,True,https://www.eyshandyman.com/services/drywall-repair/,Drywall Repair in Katy & West Houston | Elevate Your Space,"Drywall repair and patch work in Katy and West Houston. Holes, cracks, and texture matching for a seamless finish.",Drywall Repair & Patch Work,What We Do || What affects price || Our Process || Who this service is for || What we do on drywall visits || Local examples || Process and free estimate || Communities we serve || Frequently Asked Questions || Ready to elevate your Katy & West Houston home?,750,drywall,Katy,drywall,77,48,/ /404/ /about/ /bathroom-remodeling-richmond/ /bathroom-remodeling-services-katy/ /blog/ /blog/hoa-patio-updates-bridgeland/ /blog/move-in-upgrades-sunterra/ /book/ /contact/ /custom-cabinets-katy/ /custom-cabinets-richmond/ /door-installation-richmond/ /door-installation-services-katy/ /drywall-repair-katy/ /drywall-repair-richmond/ /electricians-katy/ /electricians-richmond/ /floor-and-decor-katy/ /floor-and-decor-richmond/ /handyman-service-richmond/ /home2/ /house-painting-katy/ /house-painting-richmond/ /kitchen-remodeling-katy/,/ /about/ /blog/ /book/ /contact/ /our-work/ /pricing/ /privacy/ /reviews/ /service-areas/ /service-areas/cypress/ /service-areas/cypress/bridgeland-handyman/ /service-areas/cypress/towne-lake-handyman/ /service-areas/fulshear/ /service-areas/fulshear/cross-creek-ranch-handyman/ /service-areas/fulshear/jordan-ranch-handyman/ /service-areas/katy/ /service-areas/katy/cane-island-handyman/ /service-areas/katy/cinco-ranch-handyman/ /service-areas/katy/elyson-handyman/ /service-areas/katy/sunterra-handyman/ /service-areas/katy/tamarron-handyman/ /service-areas/richmond/ /service-areas/richmond/aliana-handyman/ /service-areas/richmond/harvest-green-handyman/ /service-areas/richmond/veranda-handyman/ /service-areas/west-houston/ /services/ /services/bathroom-remodeling/ /services/cabinet-installation/ /services/ceiling-fan-installation/ /services/curtain-installation/ /services/custom-carpentry/ /services/door-repair-installation/ /services/drywall-repair/ /services/electrical-services/ /services/flooring-and-decor/ /services/furniture-assembly/ /services/general-handyman-services/ /services/handyman-to-do-list/,BreadcrumbList | FAQPage | Service | WebPage,True,Allow: / (site robots.txt),
https://www.eyshandyman.com/services/electrical-services/,src/content/services/electrical-services.md + src/pages/services/[slug].astro,service,200,True,https://www.eyshandyman.com/services/electrical-services/,Electrical Services in Katy & West Houston | Elevate Your Space,"Light electrical work in Katy and West Houston. Fixture swaps, outlets, switches, ceiling fans, and licensed coordination when required.",Electrical Services in Katy & West Houston,What We Do || What affects price || Our Process || Who this is for || What we commonly do || Local examples || Ready for a free estimate? || Why homeowners choose Elevate Your Space || Communities we serve || Frequently Asked Questions || Ready to elevate your Katy & West Houston home?,745,electrical,Katy,electrical,77,51,/ /404/ /about/ /bathroom-remodeling-richmond/ /bathroom-remodeling-services-katy/ /blog/ /blog/hoa-patio-updates-bridgeland/ /blog/move-in-upgrades-sunterra/ /book/ /contact/ /custom-cabinets-katy/ /custom-cabinets-richmond/ /door-installation-richmond/ /door-installation-services-katy/ /drywall-repair-katy/ /drywall-repair-richmond/ /electricians-katy/ /electricians-richmond/ /floor-and-decor-katy/ /floor-and-decor-richmond/ /handyman-service-richmond/ /home2/ /house-painting-katy/ /house-painting-richmond/ /kitchen-remodeling-katy/,/ /about/ /blog/ /book/ /contact/ /electricians-katy/ /electricians-richmond/ /our-work/ /our-work/vaulted-crystal-chandelier/ /pricing/ /privacy/ /reviews/ /service-areas/ /service-areas/cypress/ /service-areas/cypress/bridgeland-handyman/ /service-areas/cypress/towne-lake-handyman/ /service-areas/fulshear/ /service-areas/fulshear/cross-creek-ranch-handyman/ /service-areas/fulshear/jordan-ranch-handyman/ /service-areas/katy/ /service-areas/katy/cane-island-handyman/ /service-areas/katy/cinco-ranch-handyman/ /service-areas/katy/elyson-handyman/ /service-areas/katy/sunterra-handyman/ /service-areas/katy/tamarron-handyman/ /service-areas/richmond/ /service-areas/richmond/aliana-handyman/ /service-areas/richmond/harvest-green-handyman/ /service-areas/richmond/veranda-handyman/ /service-areas/west-houston/ /services/ /services/bathroom-remodeling/ /services/cabinet-installation/ /services/ceiling-fan-installation/ /services/curtain-installation/ /services/custom-carpentry/ /services/door-repair-installation/ /services/drywall-repair/ /services/electrical-services/ /services/flooring-and-decor/,BreadcrumbList | FAQPage | Service | WebPage,True,Allow: / (site robots.txt),
https://www.eyshandyman.com/services/flooring-and-decor/,src/content/services/flooring-and-decor.md + src/pages/services/[slug].astro,service,200,True,https://www.eyshandyman.com/services/flooring-and-decor/,Flooring & Décor in Katy & West Houston | Elevate Your Space,"Flooring, trim, wall accents, and décor upgrades in Katy and West Houston. Finish details that improve comfort and style.",Flooring & Décor Upgrades,What We Do || What affects price || Our Process || Who this is for || What we handle || Local context || Related services and inspiration || Ready for a free estimate? || Why homeowners choose Elevate Your Space || Communities we serve || Frequently Asked Questions || Ready to elevate your Katy & West Houston home?,767,flooring,Katy,flooring,77,50,/ /404/ /about/ /bathroom-remodeling-richmond/ /bathroom-remodeling-services-katy/ /blog/ /blog/hoa-patio-updates-bridgeland/ /blog/move-in-upgrades-sunterra/ /book/ /contact/ /custom-cabinets-katy/ /custom-cabinets-richmond/ /door-installation-richmond/ /door-installation-services-katy/ /drywall-repair-katy/ /drywall-repair-richmond/ /electricians-katy/ /electricians-richmond/ /floor-and-decor-katy/ /floor-and-decor-richmond/ /handyman-service-richmond/ /home2/ /house-painting-katy/ /house-painting-richmond/ /kitchen-remodeling-katy/,/ /about/ /blog/ /book/ /contact/ /floor-and-decor-katy/ /floor-and-decor-richmond/ /our-work/ /pricing/ /privacy/ /reviews/ /service-areas/ /service-areas/cypress/ /service-areas/cypress/bridgeland-handyman/ /service-areas/cypress/towne-lake-handyman/ /service-areas/fulshear/ /service-areas/fulshear/cross-creek-ranch-handyman/ /service-areas/fulshear/jordan-ranch-handyman/ /service-areas/katy/ /service-areas/katy/cane-island-handyman/ /service-areas/katy/cinco-ranch-handyman/ /service-areas/katy/elyson-handyman/ /service-areas/katy/sunterra-handyman/ /service-areas/katy/tamarron-handyman/ /service-areas/richmond/ /service-areas/richmond/aliana-handyman/ /service-areas/richmond/harvest-green-handyman/ /service-areas/richmond/veranda-handyman/ /service-areas/west-houston/ /services/ /services/bathroom-remodeling/ /services/cabinet-installation/ /services/ceiling-fan-installation/ /services/curtain-installation/ /services/custom-carpentry/ /services/door-repair-installation/ /services/drywall-repair/ /services/electrical-services/ /services/flooring-and-decor/ /services/furniture-assembly/,BreadcrumbList | FAQPage | Service | WebPage,True,Allow: / (site robots.txt),
https://www.eyshandyman.com/services/furniture-assembly/,src/content/services/furniture-assembly.md + src/pages/services/[slug].astro,service,200,True,https://www.eyshandyman.com/services/furniture-assembly/,Furniture Assembly in Katy & West Houston | Elevate Your Space,"Professional furniture assembly in Katy and West Houston. Beds, desks, patio sets, and IKEA-style furniture assembled correctly.",Professional Furniture Assembly,What We Do || What affects price || Our Process || Who this is for || What we assemble || Local lifestyle angle || How booking works || Ready for a free estimate? || Why homeowners choose Elevate Your Space || Communities we serve || Frequently Asked Questions || Ready to elevate your Katy & West Houston home?,754,service,Katy,service,77,48,/ /404/ /about/ /bathroom-remodeling-richmond/ /bathroom-remodeling-services-katy/ /blog/ /blog/hoa-patio-updates-bridgeland/ /blog/move-in-upgrades-sunterra/ /book/ /contact/ /custom-cabinets-katy/ /custom-cabinets-richmond/ /door-installation-richmond/ /door-installation-services-katy/ /drywall-repair-katy/ /drywall-repair-richmond/ /electricians-katy/ /electricians-richmond/ /floor-and-decor-katy/ /floor-and-decor-richmond/ /handyman-service-richmond/ /home2/ /house-painting-katy/ /house-painting-richmond/ /kitchen-remodeling-katy/,/ /about/ /blog/ /book/ /contact/ /our-work/ /pricing/ /privacy/ /reviews/ /service-areas/ /service-areas/cypress/ /service-areas/cypress/bridgeland-handyman/ /service-areas/cypress/towne-lake-handyman/ /service-areas/fulshear/ /service-areas/fulshear/cross-creek-ranch-handyman/ /service-areas/fulshear/jordan-ranch-handyman/ /service-areas/katy/ /service-areas/katy/cane-island-handyman/ /service-areas/katy/cinco-ranch-handyman/ /service-areas/katy/elyson-handyman/ /service-areas/katy/sunterra-handyman/ /service-areas/katy/tamarron-handyman/ /service-areas/richmond/ /service-areas/richmond/aliana-handyman/ /service-areas/richmond/harvest-green-handyman/ /service-areas/richmond/veranda-handyman/ /service-areas/west-houston/ /services/ /services/bathroom-remodeling/ /services/cabinet-installation/ /services/ceiling-fan-installation/ /services/curtain-installation/ /services/custom-carpentry/ /services/door-repair-installation/ /services/drywall-repair/ /services/electrical-services/ /services/flooring-and-decor/ /services/furniture-assembly/ /services/general-handyman-services/ /services/handyman-to-do-list/,BreadcrumbList | FAQPage | Service | WebPage,True,Allow: / (site robots.txt),
https://www.eyshandyman.com/services/general-handyman-services/,src/content/services/general-handyman-services.md + src/pages/services/[slug].astro,service,200,True,https://www.eyshandyman.com/services/general-handyman-services/,General Handyman Services | Katy & West Houston | EYS,Bundled punch-list handyman service in Katy and West Houston. Multiple repairs handled in one efficient visit.,General Handyman & Punch-List Services,What We Do || What affects price || Our Process || Who this is for || What a punch-list visit can include || How we keep visits efficient || Local context || Ready for a free estimate? || Why homeowners choose Elevate Your Space || Communities we serve || Frequently Asked Questions || Ready to elevate your Katy & West Houston home?,774,handyman,Katy,handyman,77,48,/ /404/ /about/ /bathroom-remodeling-richmond/ /bathroom-remodeling-services-katy/ /blog/ /blog/hoa-patio-updates-bridgeland/ /blog/move-in-upgrades-sunterra/ /book/ /contact/ /custom-cabinets-katy/ /custom-cabinets-richmond/ /door-installation-richmond/ /door-installation-services-katy/ /drywall-repair-katy/ /drywall-repair-richmond/ /electricians-katy/ /electricians-richmond/ /floor-and-decor-katy/ /floor-and-decor-richmond/ /handyman-service-richmond/ /home2/ /house-painting-katy/ /house-painting-richmond/ /kitchen-remodeling-katy/,/ /about/ /blog/ /book/ /contact/ /our-work/ /pricing/ /privacy/ /reviews/ /service-areas/ /service-areas/cypress/ /service-areas/cypress/bridgeland-handyman/ /service-areas/cypress/towne-lake-handyman/ /service-areas/fulshear/ /service-areas/fulshear/cross-creek-ranch-handyman/ /service-areas/fulshear/jordan-ranch-handyman/ /service-areas/katy/ /service-areas/katy/cane-island-handyman/ /service-areas/katy/cinco-ranch-handyman/ /service-areas/katy/elyson-handyman/ /service-areas/katy/sunterra-handyman/ /service-areas/katy/tamarron-handyman/ /service-areas/richmond/ /service-areas/richmond/aliana-handyman/ /service-areas/richmond/harvest-green-handyman/ /service-areas/richmond/veranda-handyman/ /service-areas/west-houston/ /services/ /services/bathroom-remodeling/ /services/cabinet-installation/ /services/ceiling-fan-installation/ /services/curtain-installation/ /services/custom-carpentry/ /services/door-repair-installation/ /services/drywall-repair/ /services/electrical-services/ /services/flooring-and-decor/ /services/furniture-assembly/ /services/general-handyman-services/ /services/handyman-to-do-list/,BreadcrumbList | FAQPage | Service | WebPage,True,Allow: / (site robots.txt),
https://www.eyshandyman.com/services/handyman-to-do-list/,src/pages/services/handyman-to-do-list/index.astro,productized-service,200,True,https://www.eyshandyman.com/services/handyman-to-do-list/,Handyman To-Do List | Katy & West Houston | EYS,Book a Handyman To-Do List Visit for multiple small repairs and installs in one appointment across Katy and West Houston. Visits start at $224.99.,Complete More of Your Home To-Do List in One Visit,Important Service Terms || What the Service Includes || Examples of Appropriate Tasks || Work That Needs a Different Service || How It Works || How to Prepare || Materials and Additional Time || Service areas for Handyman To-Do List Visits || Proudly serving Katy and West Houston || Frequently Asked Questions || Ready to book your Handyman To-Do List Visit? || Ready to elevate your Katy & West Houston home?,1281,handyman,Katy,handyman,77,48,/ /404/ /about/ /bathroom-remodeling-richmond/ /bathroom-remodeling-services-katy/ /blog/ /blog/hoa-patio-updates-bridgeland/ /blog/move-in-upgrades-sunterra/ /book/ /contact/ /custom-cabinets-katy/ /custom-cabinets-richmond/ /door-installation-richmond/ /door-installation-services-katy/ /drywall-repair-katy/ /drywall-repair-richmond/ /electricians-katy/ /electricians-richmond/ /floor-and-decor-katy/ /floor-and-decor-richmond/ /handyman-service-richmond/ /home2/ /house-painting-katy/ /house-painting-richmond/ /kitchen-remodeling-katy/,/ /about/ /blog/ /book/ /contact/ /our-work/ /pricing/ /privacy/ /reviews/ /service-areas/ /service-areas/cypress/ /service-areas/cypress/bridgeland-handyman/ /service-areas/cypress/towne-lake-handyman/ /service-areas/fulshear/ /service-areas/fulshear/cross-creek-ranch-handyman/ /service-areas/fulshear/jordan-ranch-handyman/ /service-areas/katy/ /service-areas/katy/cane-island-handyman/ /service-areas/katy/cinco-ranch-handyman/ /service-areas/katy/elyson-handyman/ /service-areas/katy/sunterra-handyman/ /service-areas/katy/tamarron-handyman/ /service-areas/richmond/ /service-areas/richmond/aliana-handyman/ /service-areas/richmond/harvest-green-handyman/ /service-areas/richmond/veranda-handyman/ /service-areas/west-houston/ /services/ /services/bathroom-remodeling/ /services/cabinet-installation/ /services/ceiling-fan-installation/ /services/curtain-installation/ /services/custom-carpentry/ /services/door-repair-installation/ /services/drywall-repair/ /services/electrical-services/ /services/flooring-and-decor/ /services/furniture-assembly/ /services/general-handyman-services/ /services/handyman-to-do-list/,BreadcrumbList | FAQPage | HomeAndConstructionBusiness | Service | WebPage,True,Allow: / (site robots.txt),
https://www.eyshandyman.com/services/installation-and-assembly/,src/pages/services/installation-and-assembly/index.astro,category,200,True,https://www.eyshandyman.com/services/installation-and-assembly/,Installation & Assembly | Katy & West Houston | EYS,"Door installation, furniture assembly, TV mounting, ceiling fans, curtains, and cabinet installation in Katy and West Houston.",Installation & Assembly,What we offer in installation & assembly || Explore other service categories || Ready to elevate your Katy & West Houston home?,241,category,Katy,category,77,48,/ /404/ /about/ /bathroom-remodeling-richmond/ /bathroom-remodeling-services-katy/ /blog/ /blog/hoa-patio-updates-bridgeland/ /blog/move-in-upgrades-sunterra/ /book/ /contact/ /custom-cabinets-katy/ /custom-cabinets-richmond/ /door-installation-richmond/ /door-installation-services-katy/ /drywall-repair-katy/ /drywall-repair-richmond/ /electricians-katy/ /electricians-richmond/ /floor-and-decor-katy/ /floor-and-decor-richmond/ /handyman-service-richmond/ /home2/ /house-painting-katy/ /house-painting-richmond/ /kitchen-remodeling-katy/,/ /about/ /blog/ /book/ /contact/ /our-work/ /pricing/ /privacy/ /reviews/ /service-areas/ /service-areas/cypress/ /service-areas/cypress/bridgeland-handyman/ /service-areas/cypress/towne-lake-handyman/ /service-areas/fulshear/ /service-areas/fulshear/cross-creek-ranch-handyman/ /service-areas/fulshear/jordan-ranch-handyman/ /service-areas/katy/ /service-areas/katy/cane-island-handyman/ /service-areas/katy/cinco-ranch-handyman/ /service-areas/katy/elyson-handyman/ /service-areas/katy/sunterra-handyman/ /service-areas/katy/tamarron-handyman/ /service-areas/richmond/ /service-areas/richmond/aliana-handyman/ /service-areas/richmond/harvest-green-handyman/ /service-areas/richmond/veranda-handyman/ /service-areas/west-houston/ /services/ /services/bathroom-remodeling/ /services/cabinet-installation/ /services/ceiling-fan-installation/ /services/curtain-installation/ /services/custom-carpentry/ /services/door-repair-installation/ /services/drywall-repair/ /services/electrical-services/ /services/flooring-and-decor/ /services/furniture-assembly/ /services/general-handyman-services/ /services/handyman-to-do-list/,BreadcrumbList | ItemList | WebPage,True,Allow: / (site robots.txt),
https://www.eyshandyman.com/services/kitchen-remodeling/,src/content/services/kitchen-remodeling.md + src/pages/services/[slug].astro,service,200,True,https://www.eyshandyman.com/services/kitchen-remodeling/,Kitchen Remodeling in Katy & West Houston | Elevate Your Space,"Kitchen remodeling in Katy and West Houston. Cabinets, counters, backsplashes, fixtures, and layout upgrades done right.",Kitchen Remodeling & Improvements,What We Do || What affects price || Our Process || Who this is for || What we typically deliver || Local context and examples || Related services || Ready for a free estimate? || Why homeowners choose Elevate Your Space || Communities we serve || Frequently Asked Questions || Ready to elevate your Katy & West Houston home?,771,remodeling,Katy,remodeling,77,51,/ /404/ /about/ /bathroom-remodeling-richmond/ /bathroom-remodeling-services-katy/ /blog/ /blog/hoa-patio-updates-bridgeland/ /blog/move-in-upgrades-sunterra/ /book/ /contact/ /custom-cabinets-katy/ /custom-cabinets-richmond/ /door-installation-richmond/ /door-installation-services-katy/ /drywall-repair-katy/ /drywall-repair-richmond/ /electricians-katy/ /electricians-richmond/ /floor-and-decor-katy/ /floor-and-decor-richmond/ /handyman-service-richmond/ /home2/ /house-painting-katy/ /house-painting-richmond/ /kitchen-remodeling-katy/,/ /about/ /blog/ /book/ /contact/ /kitchen-remodeling-katy/ /kitchen-remodeling-richmond/ /our-work/ /our-work/sage-kitchen-remodel/ /pricing/ /privacy/ /reviews/ /service-areas/ /service-areas/cypress/ /service-areas/cypress/bridgeland-handyman/ /service-areas/cypress/towne-lake-handyman/ /service-areas/fulshear/ /service-areas/fulshear/cross-creek-ranch-handyman/ /service-areas/fulshear/jordan-ranch-handyman/ /service-areas/katy/ /service-areas/katy/cane-island-handyman/ /service-areas/katy/cinco-ranch-handyman/ /service-areas/katy/elyson-handyman/ /service-areas/katy/sunterra-handyman/ /service-areas/katy/tamarron-handyman/ /service-areas/richmond/ /service-areas/richmond/aliana-handyman/ /service-areas/richmond/harvest-green-handyman/ /service-areas/richmond/veranda-handyman/ /service-areas/west-houston/ /services/ /services/bathroom-remodeling/ /services/cabinet-installation/ /services/ceiling-fan-installation/ /services/curtain-installation/ /services/custom-carpentry/ /services/door-repair-installation/ /services/drywall-repair/ /services/electrical-services/ /services/flooring-and-decor/,BreadcrumbList | FAQPage | Service | WebPage,True,Allow: / (site robots.txt),
https://www.eyshandyman.com/services/painting/,src/content/services/painting.md + src/pages/services/[slug].astro,service,200,True,https://www.eyshandyman.com/services/painting/,Interior Painting in Katy & West Houston | Elevate Your Space,"Interior painting and accent walls in Katy and West Houston. Clean, precise paint work with full protection of your floors and furniture.",Interior Painting & Accent Walls,What We Do || What affects price || Our Process || Who this service is for || What careful interior painting includes || Local context || Ready for a free estimate? || Why homeowners choose Elevate Your Space || Communities we serve || Frequently Asked Questions || Ready to elevate your Katy & West Houston home?,740,painting,Katy,painting,77,48,/ /404/ /about/ /bathroom-remodeling-richmond/ /bathroom-remodeling-services-katy/ /blog/ /blog/hoa-patio-updates-bridgeland/ /blog/move-in-upgrades-sunterra/ /book/ /contact/ /custom-cabinets-katy/ /custom-cabinets-richmond/ /door-installation-richmond/ /door-installation-services-katy/ /drywall-repair-katy/ /drywall-repair-richmond/ /electricians-katy/ /electricians-richmond/ /floor-and-decor-katy/ /floor-and-decor-richmond/ /handyman-service-richmond/ /home2/ /house-painting-katy/ /house-painting-richmond/ /kitchen-remodeling-katy/,/ /about/ /blog/ /book/ /contact/ /our-work/ /pricing/ /privacy/ /reviews/ /service-areas/ /service-areas/cypress/ /service-areas/cypress/bridgeland-handyman/ /service-areas/cypress/towne-lake-handyman/ /service-areas/fulshear/ /service-areas/fulshear/cross-creek-ranch-handyman/ /service-areas/fulshear/jordan-ranch-handyman/ /service-areas/katy/ /service-areas/katy/cane-island-handyman/ /service-areas/katy/cinco-ranch-handyman/ /service-areas/katy/elyson-handyman/ /service-areas/katy/sunterra-handyman/ /service-areas/katy/tamarron-handyman/ /service-areas/richmond/ /service-areas/richmond/aliana-handyman/ /service-areas/richmond/harvest-green-handyman/ /service-areas/richmond/veranda-handyman/ /service-areas/west-houston/ /services/ /services/bathroom-remodeling/ /services/cabinet-installation/ /services/ceiling-fan-installation/ /services/curtain-installation/ /services/custom-carpentry/ /services/door-repair-installation/ /services/drywall-repair/ /services/electrical-services/ /services/flooring-and-decor/ /services/furniture-assembly/ /services/general-handyman-services/ /services/handyman-to-do-list/,BreadcrumbList | FAQPage | Service | WebPage,True,Allow: / (site robots.txt),
https://www.eyshandyman.com/services/remodeling-and-upgrades/,src/pages/services/remodeling-and-upgrades/index.astro,category,200,True,https://www.eyshandyman.com/services/remodeling-and-upgrades/,Remodeling & Upgrades | Katy & West Houston | EYS,"Bathroom remodeling, kitchen remodeling, flooring upgrades, and custom carpentry in Katy and West Houston.",Remodeling & Upgrades,What we offer in remodeling & upgrades || Explore other service categories || Ready to elevate your Katy & West Houston home?,191,remodeling,Katy,remodeling,77,48,/ /404/ /about/ /bathroom-remodeling-richmond/ /bathroom-remodeling-services-katy/ /blog/ /blog/hoa-patio-updates-bridgeland/ /blog/move-in-upgrades-sunterra/ /book/ /contact/ /custom-cabinets-katy/ /custom-cabinets-richmond/ /door-installation-richmond/ /door-installation-services-katy/ /drywall-repair-katy/ /drywall-repair-richmond/ /electricians-katy/ /electricians-richmond/ /floor-and-decor-katy/ /floor-and-decor-richmond/ /handyman-service-richmond/ /home2/ /house-painting-katy/ /house-painting-richmond/ /kitchen-remodeling-katy/,/ /about/ /blog/ /book/ /contact/ /our-work/ /pricing/ /privacy/ /reviews/ /service-areas/ /service-areas/cypress/ /service-areas/cypress/bridgeland-handyman/ /service-areas/cypress/towne-lake-handyman/ /service-areas/fulshear/ /service-areas/fulshear/cross-creek-ranch-handyman/ /service-areas/fulshear/jordan-ranch-handyman/ /service-areas/katy/ /service-areas/katy/cane-island-handyman/ /service-areas/katy/cinco-ranch-handyman/ /service-areas/katy/elyson-handyman/ /service-areas/katy/sunterra-handyman/ /service-areas/katy/tamarron-handyman/ /service-areas/richmond/ /service-areas/richmond/aliana-handyman/ /service-areas/richmond/harvest-green-handyman/ /service-areas/richmond/veranda-handyman/ /service-areas/west-houston/ /services/ /services/bathroom-remodeling/ /services/cabinet-installation/ /services/ceiling-fan-installation/ /services/curtain-installation/ /services/custom-carpentry/ /services/door-repair-installation/ /services/drywall-repair/ /services/electrical-services/ /services/flooring-and-decor/ /services/furniture-assembly/ /services/general-handyman-services/ /services/handyman-to-do-list/,BreadcrumbList | ItemList | WebPage,True,Allow: / (site robots.txt),
https://www.eyshandyman.com/services/repairs-and-maintenance/,src/pages/services/repairs-and-maintenance/index.astro,category,200,True,https://www.eyshandyman.com/services/repairs-and-maintenance/,Repairs & Maintenance | Katy & West Houston | Elevate Your Space,"General handyman repairs, drywall repair, interior painting, and electrical services in Katy and West Houston.",Repairs & Maintenance,What we offer in repairs & maintenance || Explore other service categories || Ready to elevate your Katy & West Houston home?,230,category,Katy,category,77,48,/ /404/ /about/ /bathroom-remodeling-richmond/ /bathroom-remodeling-services-katy/ /blog/ /blog/hoa-patio-updates-bridgeland/ /blog/move-in-upgrades-sunterra/ /book/ /contact/ /custom-cabinets-katy/ /custom-cabinets-richmond/ /door-installation-richmond/ /door-installation-services-katy/ /drywall-repair-katy/ /drywall-repair-richmond/ /electricians-katy/ /electricians-richmond/ /floor-and-decor-katy/ /floor-and-decor-richmond/ /handyman-service-richmond/ /home2/ /house-painting-katy/ /house-painting-richmond/ /kitchen-remodeling-katy/,/ /about/ /blog/ /book/ /contact/ /our-work/ /pricing/ /privacy/ /reviews/ /service-areas/ /service-areas/cypress/ /service-areas/cypress/bridgeland-handyman/ /service-areas/cypress/towne-lake-handyman/ /service-areas/fulshear/ /service-areas/fulshear/cross-creek-ranch-handyman/ /service-areas/fulshear/jordan-ranch-handyman/ /service-areas/katy/ /service-areas/katy/cane-island-handyman/ /service-areas/katy/cinco-ranch-handyman/ /service-areas/katy/elyson-handyman/ /service-areas/katy/sunterra-handyman/ /service-areas/katy/tamarron-handyman/ /service-areas/richmond/ /service-areas/richmond/aliana-handyman/ /service-areas/richmond/harvest-green-handyman/ /service-areas/richmond/veranda-handyman/ /service-areas/west-houston/ /services/ /services/bathroom-remodeling/ /services/cabinet-installation/ /services/ceiling-fan-installation/ /services/curtain-installation/ /services/custom-carpentry/ /services/door-repair-installation/ /services/drywall-repair/ /services/electrical-services/ /services/flooring-and-decor/ /services/furniture-assembly/ /services/general-handyman-services/ /services/handyman-to-do-list/,BreadcrumbList | ItemList | WebPage,True,Allow: / (site robots.txt),
https://www.eyshandyman.com/services/tv-mounting/,src/content/services/tv-mounting.md + src/pages/services/[slug].astro,service,200,True,https://www.eyshandyman.com/services/tv-mounting/,TV Mounting in Katy & West Houston | Elevate Your Space,"Professional TV mounting in Katy and West Houston. Secure wall mounting, bracket installation, and clean wire concealment.",Professional TV Mounting in Katy & West Houston,What We Do || What affects price || Our Process || Who this is for || What professional mounting includes || Local examples across West Houston || See our work and related services || Ready for a free estimate? || Why homeowners choose Elevate Your Space || Communities we serve || Frequently Asked Questions || Ready to elevate your Katy & West Houston home?,793,tv-mounting,Katy,tv-mounting,77,49,/ /404/ /about/ /bathroom-remodeling-richmond/ /bathroom-remodeling-services-katy/ /blog/ /blog/hoa-patio-updates-bridgeland/ /blog/move-in-upgrades-sunterra/ /book/ /contact/ /custom-cabinets-katy/ /custom-cabinets-richmond/ /door-installation-richmond/ /door-installation-services-katy/ /drywall-repair-katy/ /drywall-repair-richmond/ /electricians-katy/ /electricians-richmond/ /floor-and-decor-katy/ /floor-and-decor-richmond/ /handyman-service-richmond/ /home2/ /house-painting-katy/ /house-painting-richmond/ /kitchen-remodeling-katy/,/ /about/ /blog/ /book/ /contact/ /our-work/ /our-work/marble-wood-slat-feature-wall/ /pricing/ /privacy/ /reviews/ /service-areas/ /service-areas/cypress/ /service-areas/cypress/bridgeland-handyman/ /service-areas/cypress/towne-lake-handyman/ /service-areas/fulshear/ /service-areas/fulshear/cross-creek-ranch-handyman/ /service-areas/fulshear/jordan-ranch-handyman/ /service-areas/katy/ /service-areas/katy/cane-island-handyman/ /service-areas/katy/cinco-ranch-handyman/ /service-areas/katy/elyson-handyman/ /service-areas/katy/sunterra-handyman/ /service-areas/katy/tamarron-handyman/ /service-areas/richmond/ /service-areas/richmond/aliana-handyman/ /service-areas/richmond/harvest-green-handyman/ /service-areas/richmond/veranda-handyman/ /service-areas/west-houston/ /services/ /services/bathroom-remodeling/ /services/cabinet-installation/ /services/ceiling-fan-installation/ /services/curtain-installation/ /services/custom-carpentry/ /services/door-repair-installation/ /services/drywall-repair/ /services/electrical-services/ /services/flooring-and-decor/ /services/furniture-assembly/ /services/general-handyman-services/,BreadcrumbList | FAQPage | Service | WebPage,True,Allow: / (site robots.txt),
https://www.eyshandyman.com/sitemap/,src/pages/sitemap.astro,sitemap-html,200,True,https://www.eyshandyman.com/sitemap/,Sitemap | Elevate Your Space Handyman,"Browse every page on Elevate Your Space Handyman — services, service areas, blog posts, and more.",Sitemap,Core Pages (12) || Service Categories (3) || Services (15) || Our Work (8) || City Service Pages (17) || Cities (5) || Communities (12) || Blog (2),270,handyman,multi/regional,handyman,77,76,/ /404/ /about/ /bathroom-remodeling-richmond/ /bathroom-remodeling-services-katy/ /blog/ /blog/hoa-patio-updates-bridgeland/ /blog/move-in-upgrades-sunterra/ /book/ /contact/ /custom-cabinets-katy/ /custom-cabinets-richmond/ /door-installation-richmond/ /door-installation-services-katy/ /drywall-repair-katy/ /drywall-repair-richmond/ /electricians-katy/ /electricians-richmond/ /floor-and-decor-katy/ /floor-and-decor-richmond/ /handyman-service-richmond/ /home2/ /house-painting-katy/ /house-painting-richmond/ /kitchen-remodeling-katy/,/ /about/ /bathroom-remodeling-richmond/ /bathroom-remodeling-services-katy/ /blog/ /blog/hoa-patio-updates-bridgeland/ /blog/move-in-upgrades-sunterra/ /book/ /contact/ /custom-cabinets-katy/ /custom-cabinets-richmond/ /door-installation-richmond/ /door-installation-services-katy/ /drywall-repair-katy/ /drywall-repair-richmond/ /electricians-katy/ /electricians-richmond/ /floor-and-decor-katy/ /floor-and-decor-richmond/ /handyman-service-richmond/ /house-painting-katy/ /house-painting-richmond/ /kitchen-remodeling-katy/ /kitchen-remodeling-richmond/ /our-work/ /our-work/curved-stair-paneling/ /our-work/double-height-curtains/ /our-work/marble-wood-slat-feature-wall/ /our-work/navy-office-builtins/ /our-work/pergola-privacy-wall/ /our-work/sage-kitchen-remodel/ /our-work/understair-curved-shelving/ /our-work/vaulted-crystal-chandelier/ /pricing/ /privacy/ /reviews/ /service-areas/ /service-areas/cypress/ /service-areas/cypress/bridgeland-handyman/ /service-areas/cypress/towne-lake-handyman/,BreadcrumbList | WebPage,True,Allow: / (site robots.txt),
https://www.eyshandyman.com/terms/,src/pages/terms.astro,legal,200,True,https://www.eyshandyman.com/terms/,Terms of Service | Elevate Your Space Handyman,"Terms of service for Elevate Your Space Handyman — estimates, scheduling, and service scope for Katy and West Houston.",Terms of Service,Estimates and scheduling || Service scope || Contact,73,handyman,multi/regional,handyman,77,48,/ /404/ /about/ /bathroom-remodeling-richmond/ /bathroom-remodeling-services-katy/ /blog/ /blog/hoa-patio-updates-bridgeland/ /blog/move-in-upgrades-sunterra/ /book/ /contact/ /custom-cabinets-katy/ /custom-cabinets-richmond/ /door-installation-richmond/ /door-installation-services-katy/ /drywall-repair-katy/ /drywall-repair-richmond/ /electricians-katy/ /electricians-richmond/ /floor-and-decor-katy/ /floor-and-decor-richmond/ /handyman-service-richmond/ /home2/ /house-painting-katy/ /house-painting-richmond/ /kitchen-remodeling-katy/,/ /about/ /blog/ /book/ /contact/ /our-work/ /pricing/ /privacy/ /reviews/ /service-areas/ /service-areas/cypress/ /service-areas/cypress/bridgeland-handyman/ /service-areas/cypress/towne-lake-handyman/ /service-areas/fulshear/ /service-areas/fulshear/cross-creek-ranch-handyman/ /service-areas/fulshear/jordan-ranch-handyman/ /service-areas/katy/ /service-areas/katy/cane-island-handyman/ /service-areas/katy/cinco-ranch-handyman/ /service-areas/katy/elyson-handyman/ /service-areas/katy/sunterra-handyman/ /service-areas/katy/tamarron-handyman/ /service-areas/richmond/ /service-areas/richmond/aliana-handyman/ /service-areas/richmond/harvest-green-handyman/ /service-areas/richmond/veranda-handyman/ /service-areas/west-houston/ /services/ /services/bathroom-remodeling/ /services/cabinet-installation/ /services/ceiling-fan-installation/ /services/curtain-installation/ /services/custom-carpentry/ /services/door-repair-installation/ /services/drywall-repair/ /services/electrical-services/ /services/flooring-and-decor/ /services/furniture-assembly/ /services/general-handyman-services/ /services/handyman-to-do-list/,BreadcrumbList | WebPage,True,Allow: / (site robots.txt),
